extreme,rank,metric_key,metric_label,codebase_id,codebase_name,programming_language,version_id,version_number,sample_number,metric_level,file_path,function_name,function_start_line,function_end_line,value
min,1,lines_of_code,Lines Of Code/File,27c2b119-0bb1-44ad-8d53-458f0cca57e7,camlworks__dream (sample analysis: 10 samples),Ocaml,804e7f29-6454-47b6-acd8-efbceb714b09,1,1,file,src/fw/utf8.mli,,,,1
min,2,lines_of_code,Lines Of Code/File,27c2b119-0bb1-44ad-8d53-458f0cca57e7,camlworks__dream (sample analysis: 10 samples),Ocaml,804e7f29-6454-47b6-acd8-efbceb714b09,1,1,file,test/main.ml,,,,2
min,3,lines_of_code,Lines Of Code/File,729d4ded-b025-47be-ae9b-ed0561b8f9e6,bcpierce00__unison (sample analysis: 10 samples),Ocaml,f7904710-38c9-481c-9ddd-3986daedf8af,1,1,file,src/lwt/example/editor.ml,,,,3
min,4,lines_of_code,Lines Of Code/File,27c2b119-0bb1-44ad-8d53-458f0cca57e7,camlworks__dream (sample analysis: 10 samples),Ocaml,804e7f29-6454-47b6-acd8-efbceb714b09,1,1,file,src/fw/type.ml,,,,4
min,5,lines_of_code,Lines Of Code/File,fe280555-02ee-426f-bc9f-f74fdf273723,FiloSottile__mkcert (sample analysis: 10 samples),Golang,e99344ec-23a3-4bcd-9b54-1af160f8d98c,1,1,file,vendor/github.com/DHowett/go-plist/doc.go,,,,5
max,1,lines_of_code,Lines Of Code/File,e9d92337-e257-41dd-9d58-bc6f84121654,astrada__google-drive-ocamlfuse (sample analysis: 10 samples),Ocaml,5af22e0c-1c0f-41c9-b418-cb357538cd10,1,1,file,setup.ml,,,,5023
max,2,lines_of_code,Lines Of Code/File,729d4ded-b025-47be-ae9b-ed0561b8f9e6,bcpierce00__unison (sample analysis: 10 samples),Ocaml,f7904710-38c9-481c-9ddd-3986daedf8af,1,1,file,src/strings.ml,,,,3453
max,3,lines_of_code,Lines Of Code/File,729d4ded-b025-47be-ae9b-ed0561b8f9e6,bcpierce00__unison (sample analysis: 10 samples),Ocaml,f7904710-38c9-481c-9ddd-3986daedf8af,1,1,file,src/uigtk2.ml,,,,2266
max,4,lines_of_code,Lines Of Code/File,729d4ded-b025-47be-ae9b-ed0561b8f9e6,bcpierce00__unison (sample analysis: 10 samples),Ocaml,f7904710-38c9-481c-9ddd-3986daedf8af,1,1,file,src/uigtk.ml,,,,2153
max,5,lines_of_code,Lines Of Code/File,729d4ded-b025-47be-ae9b-ed0561b8f9e6,bcpierce00__unison (sample analysis: 10 samples),Ocaml,f7904710-38c9-481c-9ddd-3986daedf8af,1,1,file,src/update.ml,,,,2067
min,1,effective_lines_of_code_with_brackets,Effective LOC With Brackets/File,729d4ded-b025-47be-ae9b-ed0561b8f9e6,bcpierce00__unison (sample analysis: 10 samples),Ocaml,f7904710-38c9-481c-9ddd-3986daedf8af,1,1,file,src/ubase/uprintf.mli,,,,0
min,2,effective_lines_of_code_with_brackets,Effective LOC With Brackets/File,fe280555-02ee-426f-bc9f-f74fdf273723,FiloSottile__mkcert (sample analysis: 10 samples),Golang,e99344ec-23a3-4bcd-9b54-1af160f8d98c,1,1,file,vendor/github.com/DHowett/go-plist/doc.go,,,,1
min,3,effective_lines_of_code_with_brackets,Effective LOC With Brackets/File,729d4ded-b025-47be-ae9b-ed0561b8f9e6,bcpierce00__unison (sample analysis: 10 samples),Ocaml,f7904710-38c9-481c-9ddd-3986daedf8af,1,1,file,src/linkgtk.ml,,,,1
min,4,effective_lines_of_code_with_brackets,Effective LOC With Brackets/File,729d4ded-b025-47be-ae9b-ed0561b8f9e6,bcpierce00__unison (sample analysis: 10 samples),Ocaml,f7904710-38c9-481c-9ddd-3986daedf8af,1,1,file,src/linkgtk2.ml,,,,1
min,5,effective_lines_of_code_with_brackets,Effective LOC With Brackets/File,729d4ded-b025-47be-ae9b-ed0561b8f9e6,bcpierce00__unison (sample analysis: 10 samples),Ocaml,f7904710-38c9-481c-9ddd-3986daedf8af,1,1,file,src/linktext.ml,,,,1
max,1,effective_lines_of_code_with_brackets,Effective LOC With Brackets/File,e9d92337-e257-41dd-9d58-bc6f84121654,astrada__google-drive-ocamlfuse (sample analysis: 10 samples),Ocaml,5af22e0c-1c0f-41c9-b418-cb357538cd10,1,1,file,setup.ml,,,,4799
max,2,effective_lines_of_code_with_brackets,Effective LOC With Brackets/File,729d4ded-b025-47be-ae9b-ed0561b8f9e6,bcpierce00__unison (sample analysis: 10 samples),Ocaml,f7904710-38c9-481c-9ddd-3986daedf8af,1,1,file,src/strings.ml,,,,3449
max,3,effective_lines_of_code_with_brackets,Effective LOC With Brackets/File,729d4ded-b025-47be-ae9b-ed0561b8f9e6,bcpierce00__unison (sample analysis: 10 samples),Ocaml,f7904710-38c9-481c-9ddd-3986daedf8af,1,1,file,src/uigtk2.ml,,,,1728
max,4,effective_lines_of_code_with_brackets,Effective LOC With Brackets/File,729d4ded-b025-47be-ae9b-ed0561b8f9e6,bcpierce00__unison (sample analysis: 10 samples),Ocaml,f7904710-38c9-481c-9ddd-3986daedf8af,1,1,file,src/uigtk.ml,,,,1684
max,5,effective_lines_of_code_with_brackets,Effective LOC With Brackets/File,729d4ded-b025-47be-ae9b-ed0561b8f9e6,bcpierce00__unison (sample analysis: 10 samples),Ocaml,f7904710-38c9-481c-9ddd-3986daedf8af,1,1,file,src/update.ml,,,,1539
min,1,effective_lines_of_code,Effective LOC/File,729d4ded-b025-47be-ae9b-ed0561b8f9e6,bcpierce00__unison (sample analysis: 10 samples),Ocaml,f7904710-38c9-481c-9ddd-3986daedf8af,1,1,file,src/ubase/uprintf.mli,,,,0
min,2,effective_lines_of_code,Effective LOC/File,fe280555-02ee-426f-bc9f-f74fdf273723,FiloSottile__mkcert (sample analysis: 10 samples),Golang,e99344ec-23a3-4bcd-9b54-1af160f8d98c,1,1,file,vendor/github.com/DHowett/go-plist/doc.go,,,,1
min,3,effective_lines_of_code,Effective LOC/File,729d4ded-b025-47be-ae9b-ed0561b8f9e6,bcpierce00__unison (sample analysis: 10 samples),Ocaml,f7904710-38c9-481c-9ddd-3986daedf8af,1,1,file,src/linkgtk.ml,,,,1
min,4,effective_lines_of_code,Effective LOC/File,729d4ded-b025-47be-ae9b-ed0561b8f9e6,bcpierce00__unison (sample analysis: 10 samples),Ocaml,f7904710-38c9-481c-9ddd-3986daedf8af,1,1,file,src/linkgtk2.ml,,,,1
min,5,effective_lines_of_code,Effective LOC/File,729d4ded-b025-47be-ae9b-ed0561b8f9e6,bcpierce00__unison (sample analysis: 10 samples),Ocaml,f7904710-38c9-481c-9ddd-3986daedf8af,1,1,file,src/linktext.ml,,,,1
max,1,effective_lines_of_code,Effective LOC/File,e9d92337-e257-41dd-9d58-bc6f84121654,astrada__google-drive-ocamlfuse (sample analysis: 10 samples),Ocaml,5af22e0c-1c0f-41c9-b418-cb357538cd10,1,1,file,setup.ml,,,,4691
max,2,effective_lines_of_code,Effective LOC/File,729d4ded-b025-47be-ae9b-ed0561b8f9e6,bcpierce00__unison (sample analysis: 10 samples),Ocaml,f7904710-38c9-481c-9ddd-3986daedf8af,1,1,file,src/strings.ml,,,,3449
max,3,effective_lines_of_code,Effective LOC/File,729d4ded-b025-47be-ae9b-ed0561b8f9e6,bcpierce00__unison (sample analysis: 10 samples),Ocaml,f7904710-38c9-481c-9ddd-3986daedf8af,1,1,file,src/uigtk2.ml,,,,1728
max,4,effective_lines_of_code,Effective LOC/File,729d4ded-b025-47be-ae9b-ed0561b8f9e6,bcpierce00__unison (sample analysis: 10 samples),Ocaml,f7904710-38c9-481c-9ddd-3986daedf8af,1,1,file,src/uigtk.ml,,,,1684
max,5,effective_lines_of_code,Effective LOC/File,729d4ded-b025-47be-ae9b-ed0561b8f9e6,bcpierce00__unison (sample analysis: 10 samples),Ocaml,f7904710-38c9-481c-9ddd-3986daedf8af,1,1,file,src/update.ml,,,,1539
min,1,comment_lines_of_code,Comment LOC/File,069ad96b-3762-4b18-b863-c8f40f8d0442,AlistGo__alist (sample analysis: 10 samples),Golang,daf775e9-1c23-4583-82b8-82384b2f73d8,1,1,file,conf/config.go,,,,0
min,2,comment_lines_of_code,Comment LOC/File,069ad96b-3762-4b18-b863-c8f40f8d0442,AlistGo__alist (sample analysis: 10 samples),Golang,daf775e9-1c23-4583-82b8-82384b2f73d8,1,1,file,model/config.go,,,,0
min,3,comment_lines_of_code,Comment LOC/File,069ad96b-3762-4b18-b863-c8f40f8d0442,AlistGo__alist (sample analysis: 10 samples),Golang,daf775e9-1c23-4583-82b8-82384b2f73d8,1,1,file,model/init.go,,,,0
min,4,comment_lines_of_code,Comment LOC/File,fe280555-02ee-426f-bc9f-f74fdf273723,FiloSottile__mkcert (sample analysis: 10 samples),Golang,e99344ec-23a3-4bcd-9b54-1af160f8d98c,1,1,file,vendor/github.com/DHowett/go-plist/bplist.go,,,,0
min,5,comment_lines_of_code,Comment LOC/File,fe280555-02ee-426f-bc9f-f74fdf273723,FiloSottile__mkcert (sample analysis: 10 samples),Golang,e99344ec-23a3-4bcd-9b54-1af160f8d98c,1,1,file,vendor/github.com/DHowett/go-plist/must.go,,,,0
max,1,comment_lines_of_code,Comment LOC/File,729d4ded-b025-47be-ae9b-ed0561b8f9e6,bcpierce00__unison (sample analysis: 10 samples),Ocaml,f7904710-38c9-481c-9ddd-3986daedf8af,1,1,file,src/update.ml,,,,351
max,2,comment_lines_of_code,Comment LOC/File,729d4ded-b025-47be-ae9b-ed0561b8f9e6,bcpierce00__unison (sample analysis: 10 samples),Ocaml,f7904710-38c9-481c-9ddd-3986daedf8af,1,1,file,src/uigtk2.ml,,,,310
max,3,comment_lines_of_code,Comment LOC/File,729d4ded-b025-47be-ae9b-ed0561b8f9e6,bcpierce00__unison (sample analysis: 10 samples),Ocaml,f7904710-38c9-481c-9ddd-3986daedf8af,1,1,file,src/uigtk.ml,,,,246
max,4,comment_lines_of_code,Comment LOC/File,729d4ded-b025-47be-ae9b-ed0561b8f9e6,bcpierce00__unison (sample analysis: 10 samples),Ocaml,f7904710-38c9-481c-9ddd-3986daedf8af,1,1,file,src/remote.ml,,,,234
max,5,comment_lines_of_code,Comment LOC/File,729d4ded-b025-47be-ae9b-ed0561b8f9e6,bcpierce00__unison (sample analysis: 10 samples),Ocaml,f7904710-38c9-481c-9ddd-3986daedf8af,1,1,file,private/newidea.ml,,,,208
min,1,bracket_lines_of_code,Bracket LOC/File,fe280555-02ee-426f-bc9f-f74fdf273723,FiloSottile__mkcert (sample analysis: 10 samples),Golang,e99344ec-23a3-4bcd-9b54-1af160f8d98c,1,1,file,vendor/github.com/DHowett/go-plist/doc.go,,,,0
min,2,bracket_lines_of_code,Bracket LOC/File,e9d92337-e257-41dd-9d58-bc6f84121654,astrada__google-drive-ocamlfuse (sample analysis: 10 samples),Ocaml,5af22e0c-1c0f-41c9-b418-cb357538cd10,1,1,file,src/utils.ml,,,,0
min,3,bracket_lines_of_code,Bracket LOC/File,308b16d0-933e-4483-bf39-55c183925411,batsh-dev-team__Batsh (sample analysis: 10 samples),Ocaml,a80b3d97-e450-4b29-8aba-3679559399d0,1,1,file,main.ml,,,,0
min,4,bracket_lines_of_code,Bracket LOC/File,729d4ded-b025-47be-ae9b-ed0561b8f9e6,bcpierce00__unison (sample analysis: 10 samples),Ocaml,f7904710-38c9-481c-9ddd-3986daedf8af,1,1,file,doc/docs.ml,,,,0
min,5,bracket_lines_of_code,Bracket LOC/File,729d4ded-b025-47be-ae9b-ed0561b8f9e6,bcpierce00__unison (sample analysis: 10 samples),Ocaml,f7904710-38c9-481c-9ddd-3986daedf8af,1,1,file,private/newidea.ml,,,,0
max,1,bracket_lines_of_code,Bracket LOC/File,24cc32f1-80f1-40da-9ad5-e2285210d73d,router-for-me__CLIProxyAPI (sample analysis: 10 samples),Golang,4a8fe070-eeb4-4a72-834f-75cb5f9b12e3,1,1,file,internal/api/handlers.go,,,,111
max,2,bracket_lines_of_code,Bracket LOC/File,e9d92337-e257-41dd-9d58-bc6f84121654,astrada__google-drive-ocamlfuse (sample analysis: 10 samples),Ocaml,5af22e0c-1c0f-41c9-b418-cb357538cd10,1,1,file,setup.ml,,,,108
max,3,bracket_lines_of_code,Bracket LOC/File,fe280555-02ee-426f-bc9f-f74fdf273723,FiloSottile__mkcert (sample analysis: 10 samples),Golang,e99344ec-23a3-4bcd-9b54-1af160f8d98c,1,1,file,vendor/github.com/DHowett/go-plist/text_parser.go,,,,78
max,4,bracket_lines_of_code,Bracket LOC/File,24cc32f1-80f1-40da-9ad5-e2285210d73d,router-for-me__CLIProxyAPI (sample analysis: 10 samples),Golang,4a8fe070-eeb4-4a72-834f-75cb5f9b12e3,1,1,file,internal/client/client.go,,,,72
max,5,bracket_lines_of_code,Bracket LOC/File,e8c37d0d-f999-4ab0-9696-770ba31bbe18,gin-gonic__gin (sample analysis: 10 samples),Golang,e6383f16-0855-4d07-9a3e-660ff574257a,1,1,file,gin.go,,,,57
min,1,total_cyclomatic,Total Cyclomatic/File,069ad96b-3762-4b18-b863-c8f40f8d0442,AlistGo__alist (sample analysis: 10 samples),Golang,daf775e9-1c23-4583-82b8-82384b2f73d8,1,1,file,conf/var.go,,,,0
min,2,total_cyclomatic,Total Cyclomatic/File,069ad96b-3762-4b18-b863-c8f40f8d0442,AlistGo__alist (sample analysis: 10 samples),Golang,daf775e9-1c23-4583-82b8-82384b2f73d8,1,1,file,model/config.go,,,,0
min,3,total_cyclomatic,Total Cyclomatic/File,fe280555-02ee-426f-bc9f-f74fdf273723,FiloSottile__mkcert (sample analysis: 10 samples),Golang,e99344ec-23a3-4bcd-9b54-1af160f8d98c,1,1,file,vendor/github.com/DHowett/go-plist/bplist.go,,,,0
min,4,total_cyclomatic,Total Cyclomatic/File,fe280555-02ee-426f-bc9f-f74fdf273723,FiloSottile__mkcert (sample analysis: 10 samples),Golang,e99344ec-23a3-4bcd-9b54-1af160f8d98c,1,1,file,vendor/github.com/DHowett/go-plist/doc.go,,,,0
min,5,total_cyclomatic,Total Cyclomatic/File,24cc32f1-80f1-40da-9ad5-e2285210d73d,router-for-me__CLIProxyAPI (sample analysis: 10 samples),Golang,4a8fe070-eeb4-4a72-834f-75cb5f9b12e3,1,1,file,internal/api/mine-type.go,,,,0
max,1,total_cyclomatic,Total Cyclomatic/File,e9d92337-e257-41dd-9d58-bc6f84121654,astrada__google-drive-ocamlfuse (sample analysis: 10 samples),Ocaml,5af22e0c-1c0f-41c9-b418-cb357538cd10,1,1,file,setup.ml,,,,743
max,2,total_cyclomatic,Total Cyclomatic/File,729d4ded-b025-47be-ae9b-ed0561b8f9e6,bcpierce00__unison (sample analysis: 10 samples),Ocaml,f7904710-38c9-481c-9ddd-3986daedf8af,1,1,file,src/ubase/rx.ml,,,,438
max,3,total_cyclomatic,Total Cyclomatic/File,729d4ded-b025-47be-ae9b-ed0561b8f9e6,bcpierce00__unison (sample analysis: 10 samples),Ocaml,f7904710-38c9-481c-9ddd-3986daedf8af,1,1,file,src/update.ml,,,,362
max,4,total_cyclomatic,Total Cyclomatic/File,729d4ded-b025-47be-ae9b-ed0561b8f9e6,bcpierce00__unison (sample analysis: 10 samples),Ocaml,f7904710-38c9-481c-9ddd-3986daedf8af,1,1,file,src/uigtk2.ml,,,,316
max,5,total_cyclomatic,Total Cyclomatic/File,729d4ded-b025-47be-ae9b-ed0561b8f9e6,bcpierce00__unison (sample analysis: 10 samples),Ocaml,f7904710-38c9-481c-9ddd-3986daedf8af,1,1,file,src/uigtk.ml,,,,307
min,1,maintainability_index_three_property,Maintainability Index Three Property,e9d92337-e257-41dd-9d58-bc6f84121654,astrada__google-drive-ocamlfuse (sample analysis: 10 samples),Ocaml,5af22e0c-1c0f-41c9-b418-cb357538cd10,1,1,file,setup.ml,,,,-198.05247996693416
min,2,maintainability_index_three_property,Maintainability Index Three Property,729d4ded-b025-47be-ae9b-ed0561b8f9e6,bcpierce00__unison (sample analysis: 10 samples),Ocaml,f7904710-38c9-481c-9ddd-3986daedf8af,1,1,file,src/ubase/rx.ml,,,,-90.65487143359195
min,3,maintainability_index_three_property,Maintainability Index Three Property,729d4ded-b025-47be-ae9b-ed0561b8f9e6,bcpierce00__unison (sample analysis: 10 samples),Ocaml,f7904710-38c9-481c-9ddd-3986daedf8af,1,1,file,src/update.ml,,,,-88.73950443957705
min,4,maintainability_index_three_property,Maintainability Index Three Property,729d4ded-b025-47be-ae9b-ed0561b8f9e6,bcpierce00__unison (sample analysis: 10 samples),Ocaml,f7904710-38c9-481c-9ddd-3986daedf8af,1,1,file,src/uigtk2.ml,,,,-82.02490823198518
min,5,maintainability_index_three_property,Maintainability Index Three Property,729d4ded-b025-47be-ae9b-ed0561b8f9e6,bcpierce00__unison (sample analysis: 10 samples),Ocaml,f7904710-38c9-481c-9ddd-3986daedf8af,1,1,file,src/uigtk.ml,,,,-79.36876510405094
max,1,maintainability_index_three_property,Maintainability Index Three Property,e9d92337-e257-41dd-9d58-bc6f84121654,astrada__google-drive-ocamlfuse (sample analysis: 10 samples),Ocaml,5af22e0c-1c0f-41c9-b418-cb357538cd10,1,1,function,setup.ml,setup:5020:5,5020,5020,170.77
max,2,maintainability_index_three_property,Maintainability Index Three Property,e9d92337-e257-41dd-9d58-bc6f84121654,astrada__google-drive-ocamlfuse (sample analysis: 10 samples),Ocaml,5af22e0c-1c0f-41c9-b418-cb357538cd10,1,1,function,setup.ml,error:1706:7,1706,1706,170.77
max,3,maintainability_index_three_property,Maintainability Index Three Property,e9d92337-e257-41dd-9d58-bc6f84121654,astrada__google-drive-ocamlfuse (sample analysis: 10 samples),Ocaml,5af22e0c-1c0f-41c9-b418-cb357538cd10,1,1,function,setup.ml,warning:1704:7,1704,1704,170.77
max,4,maintainability_index_three_property,Maintainability Index Three Property,e9d92337-e257-41dd-9d58-bc6f84121654,astrada__google-drive-ocamlfuse (sample analysis: 10 samples),Ocaml,5af22e0c-1c0f-41c9-b418-cb357538cd10,1,1,function,setup.ml,info:1702:7,1702,1702,170.77
max,5,maintainability_index_three_property,Maintainability Index Three Property,e9d92337-e257-41dd-9d58-bc6f84121654,astrada__google-drive-ocamlfuse (sample analysis: 10 samples),Ocaml,5af22e0c-1c0f-41c9-b418-cb357538cd10,1,1,function,setup.ml,debug:1700:7,1700,1700,170.77
min,1,maintainability_index_four_property,Maintainability Index Four Property,e9d92337-e257-41dd-9d58-bc6f84121654,astrada__google-drive-ocamlfuse (sample analysis: 10 samples),Ocaml,5af22e0c-1c0f-41c9-b418-cb357538cd10,1,1,file,setup.ml,,,,-189.35671361903465
min,2,maintainability_index_four_property,Maintainability Index Four Property,729d4ded-b025-47be-ae9b-ed0561b8f9e6,bcpierce00__unison (sample analysis: 10 samples),Ocaml,f7904710-38c9-481c-9ddd-3986daedf8af,1,1,file,src/uigtk.ml,,,,-97.08018896058945
min,3,maintainability_index_four_property,Maintainability Index Four Property,729d4ded-b025-47be-ae9b-ed0561b8f9e6,bcpierce00__unison (sample analysis: 10 samples),Ocaml,f7904710-38c9-481c-9ddd-3986daedf8af,1,1,file,src/ubase/rx.ml,,,,-82.89078946872456
min,4,maintainability_index_four_property,Maintainability Index Four Property,729d4ded-b025-47be-ae9b-ed0561b8f9e6,bcpierce00__unison (sample analysis: 10 samples),Ocaml,f7904710-38c9-481c-9ddd-3986daedf8af,1,1,file,private/update-broken.ml,,,,-76.16072045519418
min,5,maintainability_index_four_property,Maintainability Index Four Property,729d4ded-b025-47be-ae9b-ed0561b8f9e6,bcpierce00__unison (sample analysis: 10 samples),Ocaml,f7904710-38c9-481c-9ddd-3986daedf8af,1,1,file,src/uigtk2.ml,,,,-68.27980115190026
max,1,maintainability_index_four_property,Maintainability Index Four Property,729d4ded-b025-47be-ae9b-ed0561b8f9e6,bcpierce00__unison (sample analysis: 10 samples),Ocaml,f7904710-38c9-481c-9ddd-3986daedf8af,1,1,file,src/uitext.mli,,,,209.7696644143026
max,2,maintainability_index_four_property,Maintainability Index Four Property,729d4ded-b025-47be-ae9b-ed0561b8f9e6,bcpierce00__unison (sample analysis: 10 samples),Ocaml,f7904710-38c9-481c-9ddd-3986daedf8af,1,1,file,src/uigtk2.mli,,,,209.7696644143026
max,3,maintainability_index_four_property,Maintainability Index Four Property,729d4ded-b025-47be-ae9b-ed0561b8f9e6,bcpierce00__unison (sample analysis: 10 samples),Ocaml,f7904710-38c9-481c-9ddd-3986daedf8af,1,1,file,src/uigtk.mli,,,,209.7696644143026
max,4,maintainability_index_four_property,Maintainability Index Four Property,729d4ded-b025-47be-ae9b-ed0561b8f9e6,bcpierce00__unison (sample analysis: 10 samples),Ocaml,f7904710-38c9-481c-9ddd-3986daedf8af,1,1,file,src/linktk.ml,,,,205.52553044885565
max,5,maintainability_index_four_property,Maintainability Index Four Property,729d4ded-b025-47be-ae9b-ed0561b8f9e6,bcpierce00__unison (sample analysis: 10 samples),Ocaml,f7904710-38c9-481c-9ddd-3986daedf8af,1,1,file,src/linktext.ml,,,,205.52553044885565
min,1,maintainability_index_visual_studio,Maintainability Index Visual Studio,fe280555-02ee-426f-bc9f-f74fdf273723,FiloSottile__mkcert (sample analysis: 10 samples),Golang,e99344ec-23a3-4bcd-9b54-1af160f8d98c,1,1,file,vendor/github.com/DHowett/go-plist/text_parser.go,,,,0
min,2,maintainability_index_visual_studio,Maintainability Index Visual Studio,24cc32f1-80f1-40da-9ad5-e2285210d73d,router-for-me__CLIProxyAPI (sample analysis: 10 samples),Golang,4a8fe070-eeb4-4a72-834f-75cb5f9b12e3,1,1,file,internal/api/handlers.go,,,,0
min,3,maintainability_index_visual_studio,Maintainability Index Visual Studio,e9d92337-e257-41dd-9d58-bc6f84121654,astrada__google-drive-ocamlfuse (sample analysis: 10 samples),Ocaml,5af22e0c-1c0f-41c9-b418-cb357538cd10,1,1,file,setup.ml,,,,0
min,4,maintainability_index_visual_studio,Maintainability Index Visual Studio,729d4ded-b025-47be-ae9b-ed0561b8f9e6,bcpierce00__unison (sample analysis: 10 samples),Ocaml,f7904710-38c9-481c-9ddd-3986daedf8af,1,1,file,private/remote0.ml,,,,0
min,5,maintainability_index_visual_studio,Maintainability Index Visual Studio,729d4ded-b025-47be-ae9b-ed0561b8f9e6,bcpierce00__unison (sample analysis: 10 samples),Ocaml,f7904710-38c9-481c-9ddd-3986daedf8af,1,1,file,private/update-broken.ml,,,,0
max,1,maintainability_index_visual_studio,Maintainability Index Visual Studio,e9d92337-e257-41dd-9d58-bc6f84121654,astrada__google-drive-ocamlfuse (sample analysis: 10 samples),Ocaml,5af22e0c-1c0f-41c9-b418-cb357538cd10,1,1,function,setup.ml,setup:5020:5,5020,5020,99.86549707602339
max,2,maintainability_index_visual_studio,Maintainability Index Visual Studio,e9d92337-e257-41dd-9d58-bc6f84121654,astrada__google-drive-ocamlfuse (sample analysis: 10 samples),Ocaml,5af22e0c-1c0f-41c9-b418-cb357538cd10,1,1,function,setup.ml,error:1706:7,1706,1706,99.86549707602339
max,3,maintainability_index_visual_studio,Maintainability Index Visual Studio,e9d92337-e257-41dd-9d58-bc6f84121654,astrada__google-drive-ocamlfuse (sample analysis: 10 samples),Ocaml,5af22e0c-1c0f-41c9-b418-cb357538cd10,1,1,function,setup.ml,warning:1704:7,1704,1704,99.86549707602339
max,4,maintainability_index_visual_studio,Maintainability Index Visual Studio,e9d92337-e257-41dd-9d58-bc6f84121654,astrada__google-drive-ocamlfuse (sample analysis: 10 samples),Ocaml,5af22e0c-1c0f-41c9-b418-cb357538cd10,1,1,function,setup.ml,info:1702:7,1702,1702,99.86549707602339
max,5,maintainability_index_visual_studio,Maintainability Index Visual Studio,e9d92337-e257-41dd-9d58-bc6f84121654,astrada__google-drive-ocamlfuse (sample analysis: 10 samples),Ocaml,5af22e0c-1c0f-41c9-b418-cb357538cd10,1,1,function,setup.ml,debug:1700:7,1700,1700,99.86549707602339
min,1,maintainability_index_comment_percentage,Maintainability Index Comment Percentage,069ad96b-3762-4b18-b863-c8f40f8d0442,AlistGo__alist (sample analysis: 10 samples),Golang,daf775e9-1c23-4583-82b8-82384b2f73d8,1,1,file,conf/config.go,,,,0
min,2,maintainability_index_comment_percentage,Maintainability Index Comment Percentage,069ad96b-3762-4b18-b863-c8f40f8d0442,AlistGo__alist (sample analysis: 10 samples),Golang,daf775e9-1c23-4583-82b8-82384b2f73d8,1,1,function,conf/config.go,DefaultConfig:19:6,19,34,0
min,3,maintainability_index_comment_percentage,Maintainability Index Comment Percentage,069ad96b-3762-4b18-b863-c8f40f8d0442,AlistGo__alist (sample analysis: 10 samples),Golang,daf775e9-1c23-4583-82b8-82384b2f73d8,1,1,function,main.go,initConf:16:6,16,36,0
min,4,maintainability_index_comment_percentage,Maintainability Index Comment Percentage,069ad96b-3762-4b18-b863-c8f40f8d0442,AlistGo__alist (sample analysis: 10 samples),Golang,daf775e9-1c23-4583-82b8-82384b2f73d8,1,1,function,main.go,init:53:6,53,60,0
min,5,maintainability_index_comment_percentage,Maintainability Index Comment Percentage,069ad96b-3762-4b18-b863-c8f40f8d0442,AlistGo__alist (sample analysis: 10 samples),Golang,daf775e9-1c23-4583-82b8-82384b2f73d8,1,1,function,main.go,main:62:6,62,69,0
max,1,maintainability_index_comment_percentage,Maintainability Index Comment Percentage,729d4ded-b025-47be-ae9b-ed0561b8f9e6,bcpierce00__unison (sample analysis: 10 samples),Ocaml,f7904710-38c9-481c-9ddd-3986daedf8af,1,1,file,src/ubase/uprintf.mli,,,,6500
max,2,maintainability_index_comment_percentage,Maintainability Index Comment Percentage,729d4ded-b025-47be-ae9b-ed0561b8f9e6,bcpierce00__unison (sample analysis: 10 samples),Ocaml,f7904710-38c9-481c-9ddd-3986daedf8af,1,1,file,src/ubase/uarg.mli,,,,944.4444444444445
max,3,maintainability_index_comment_percentage,Maintainability Index Comment Percentage,729d4ded-b025-47be-ae9b-ed0561b8f9e6,bcpierce00__unison (sample analysis: 10 samples),Ocaml,f7904710-38c9-481c-9ddd-3986daedf8af,1,1,file,src/lwt/lwt.mli,,,,690
max,4,maintainability_index_comment_percentage,Maintainability Index Comment Percentage,729d4ded-b025-47be-ae9b-ed0561b8f9e6,bcpierce00__unison (sample analysis: 10 samples),Ocaml,f7904710-38c9-481c-9ddd-3986daedf8af,1,1,file,src/pred.mli,,,,660
max,5,maintainability_index_comment_percentage,Maintainability Index Comment Percentage,fe280555-02ee-426f-bc9f-f74fdf273723,FiloSottile__mkcert (sample analysis: 10 samples),Golang,e99344ec-23a3-4bcd-9b54-1af160f8d98c,1,1,file,vendor/github.com/DHowett/go-plist/doc.go,,,,400
min,1,total_halstead_unique_operators,Total Halstead Unique Operators/File,fe280555-02ee-426f-bc9f-f74fdf273723,FiloSottile__mkcert (sample analysis: 10 samples),Golang,e99344ec-23a3-4bcd-9b54-1af160f8d98c,1,1,file,vendor/github.com/DHowett/go-plist/doc.go,,,,1
min,2,total_halstead_unique_operators,Total Halstead Unique Operators/File,729d4ded-b025-47be-ae9b-ed0561b8f9e6,bcpierce00__unison (sample analysis: 10 samples),Ocaml,f7904710-38c9-481c-9ddd-3986daedf8af,1,1,file,src/uigtk.mli,,,,1
min,3,total_halstead_unique_operators,Total Halstead Unique Operators/File,729d4ded-b025-47be-ae9b-ed0561b8f9e6,bcpierce00__unison (sample analysis: 10 samples),Ocaml,f7904710-38c9-481c-9ddd-3986daedf8af,1,1,file,src/uigtk2.mli,,,,1
min,4,total_halstead_unique_operators,Total Halstead Unique Operators/File,729d4ded-b025-47be-ae9b-ed0561b8f9e6,bcpierce00__unison (sample analysis: 10 samples),Ocaml,f7904710-38c9-481c-9ddd-3986daedf8af,1,1,file,src/uitext.mli,,,,1
min,5,total_halstead_unique_operators,Total Halstead Unique Operators/File,27c2b119-0bb1-44ad-8d53-458f0cca57e7,camlworks__dream (sample analysis: 10 samples),Ocaml,804e7f29-6454-47b6-acd8-efbceb714b09,1,1,file,src/fw/utf8.mli,,,,1
max,1,total_halstead_unique_operators,Total Halstead Unique Operators/File,729d4ded-b025-47be-ae9b-ed0561b8f9e6,bcpierce00__unison (sample analysis: 10 samples),Ocaml,f7904710-38c9-481c-9ddd-3986daedf8af,1,1,file,src/uigtk2.ml,,,,67
max,2,total_halstead_unique_operators,Total Halstead Unique Operators/File,729d4ded-b025-47be-ae9b-ed0561b8f9e6,bcpierce00__unison (sample analysis: 10 samples),Ocaml,f7904710-38c9-481c-9ddd-3986daedf8af,1,1,file,src/uigtk.ml,,,,65
max,3,total_halstead_unique_operators,Total Halstead Unique Operators/File,729d4ded-b025-47be-ae9b-ed0561b8f9e6,bcpierce00__unison (sample analysis: 10 samples),Ocaml,f7904710-38c9-481c-9ddd-3986daedf8af,1,1,file,src/ubase/rx.ml,,,,52
max,4,total_halstead_unique_operators,Total Halstead Unique Operators/File,e9d92337-e257-41dd-9d58-bc6f84121654,astrada__google-drive-ocamlfuse (sample analysis: 10 samples),Ocaml,5af22e0c-1c0f-41c9-b418-cb357538cd10,1,1,file,setup.ml,,,,52
max,5,total_halstead_unique_operators,Total Halstead Unique Operators/File,729d4ded-b025-47be-ae9b-ed0561b8f9e6,bcpierce00__unison (sample analysis: 10 samples),Ocaml,f7904710-38c9-481c-9ddd-3986daedf8af,1,1,file,src/remote.ml,,,,48
min,1,total_halstead_unique_operands,Total Halstead Unique Operands/File,fe280555-02ee-426f-bc9f-f74fdf273723,FiloSottile__mkcert (sample analysis: 10 samples),Golang,e99344ec-23a3-4bcd-9b54-1af160f8d98c,1,1,file,vendor/github.com/DHowett/go-plist/doc.go,,,,1
min,2,total_halstead_unique_operands,Total Halstead Unique Operands/File,e9d92337-e257-41dd-9d58-bc6f84121654,astrada__google-drive-ocamlfuse (sample analysis: 10 samples),Ocaml,5af22e0c-1c0f-41c9-b418-cb357538cd10,1,1,file,src/utils.ml,,,,3
min,3,total_halstead_unique_operands,Total Halstead Unique Operands/File,729d4ded-b025-47be-ae9b-ed0561b8f9e6,bcpierce00__unison (sample analysis: 10 samples),Ocaml,f7904710-38c9-481c-9ddd-3986daedf8af,1,1,file,src/fileutil.mli,,,,3
min,4,total_halstead_unique_operands,Total Halstead Unique Operands/File,729d4ded-b025-47be-ae9b-ed0561b8f9e6,bcpierce00__unison (sample analysis: 10 samples),Ocaml,f7904710-38c9-481c-9ddd-3986daedf8af,1,1,file,src/strings.mli,,,,3
min,5,total_halstead_unique_operands,Total Halstead Unique Operands/File,729d4ded-b025-47be-ae9b-ed0561b8f9e6,bcpierce00__unison (sample analysis: 10 samples),Ocaml,f7904710-38c9-481c-9ddd-3986daedf8af,1,1,file,src/ui.mli,,,,3
max,1,total_halstead_unique_operands,Total Halstead Unique Operands/File,24cc32f1-80f1-40da-9ad5-e2285210d73d,router-for-me__CLIProxyAPI (sample analysis: 10 samples),Golang,4a8fe070-eeb4-4a72-834f-75cb5f9b12e3,1,1,file,internal/api/mine-type.go,,,,1467
max,2,total_halstead_unique_operands,Total Halstead Unique Operands/File,729d4ded-b025-47be-ae9b-ed0561b8f9e6,bcpierce00__unison (sample analysis: 10 samples),Ocaml,f7904710-38c9-481c-9ddd-3986daedf8af,1,1,file,src/uigtk2.ml,,,,1264
max,3,total_halstead_unique_operands,Total Halstead Unique Operands/File,e9d92337-e257-41dd-9d58-bc6f84121654,astrada__google-drive-ocamlfuse (sample analysis: 10 samples),Ocaml,5af22e0c-1c0f-41c9-b418-cb357538cd10,1,1,file,setup.ml,,,,1249
max,4,total_halstead_unique_operands,Total Halstead Unique Operands/File,729d4ded-b025-47be-ae9b-ed0561b8f9e6,bcpierce00__unison (sample analysis: 10 samples),Ocaml,f7904710-38c9-481c-9ddd-3986daedf8af,1,1,file,src/uigtk.ml,,,,1218
max,5,total_halstead_unique_operands,Total Halstead Unique Operands/File,729d4ded-b025-47be-ae9b-ed0561b8f9e6,bcpierce00__unison (sample analysis: 10 samples),Ocaml,f7904710-38c9-481c-9ddd-3986daedf8af,1,1,file,src/update.ml,,,,811
min,1,total_halstead_operators,Total Halstead Operators/File,fe280555-02ee-426f-bc9f-f74fdf273723,FiloSottile__mkcert (sample analysis: 10 samples),Golang,e99344ec-23a3-4bcd-9b54-1af160f8d98c,1,1,file,vendor/github.com/DHowett/go-plist/doc.go,,,,1
min,2,total_halstead_operators,Total Halstead Operators/File,729d4ded-b025-47be-ae9b-ed0561b8f9e6,bcpierce00__unison (sample analysis: 10 samples),Ocaml,f7904710-38c9-481c-9ddd-3986daedf8af,1,1,file,src/uigtk.mli,,,,1
min,3,total_halstead_operators,Total Halstead Operators/File,729d4ded-b025-47be-ae9b-ed0561b8f9e6,bcpierce00__unison (sample analysis: 10 samples),Ocaml,f7904710-38c9-481c-9ddd-3986daedf8af,1,1,file,src/uigtk2.mli,,,,1
min,4,total_halstead_operators,Total Halstead Operators/File,729d4ded-b025-47be-ae9b-ed0561b8f9e6,bcpierce00__unison (sample analysis: 10 samples),Ocaml,f7904710-38c9-481c-9ddd-3986daedf8af,1,1,file,src/uitext.mli,,,,1
min,5,total_halstead_operators,Total Halstead Operators/File,27c2b119-0bb1-44ad-8d53-458f0cca57e7,camlworks__dream (sample analysis: 10 samples),Ocaml,804e7f29-6454-47b6-acd8-efbceb714b09,1,1,file,src/fw/utf8.mli,,,,1
max,1,total_halstead_operators,Total Halstead Operators/File,e9d92337-e257-41dd-9d58-bc6f84121654,astrada__google-drive-ocamlfuse (sample analysis: 10 samples),Ocaml,5af22e0c-1c0f-41c9-b418-cb357538cd10,1,1,file,setup.ml,,,,4251
max,2,total_halstead_operators,Total Halstead Operators/File,729d4ded-b025-47be-ae9b-ed0561b8f9e6,bcpierce00__unison (sample analysis: 10 samples),Ocaml,f7904710-38c9-481c-9ddd-3986daedf8af,1,1,file,src/uigtk2.ml,,,,3267
max,3,total_halstead_operators,Total Halstead Operators/File,729d4ded-b025-47be-ae9b-ed0561b8f9e6,bcpierce00__unison (sample analysis: 10 samples),Ocaml,f7904710-38c9-481c-9ddd-3986daedf8af,1,1,file,src/uigtk.ml,,,,3186
max,4,total_halstead_operators,Total Halstead Operators/File,729d4ded-b025-47be-ae9b-ed0561b8f9e6,bcpierce00__unison (sample analysis: 10 samples),Ocaml,f7904710-38c9-481c-9ddd-3986daedf8af,1,1,file,src/update.ml,,,,2154
max,5,total_halstead_operators,Total Halstead Operators/File,729d4ded-b025-47be-ae9b-ed0561b8f9e6,bcpierce00__unison (sample analysis: 10 samples),Ocaml,f7904710-38c9-481c-9ddd-3986daedf8af,1,1,file,src/ubase/rx.ml,,,,1606
min,1,total_halstead_operands,Total Halstead Operands/File,fe280555-02ee-426f-bc9f-f74fdf273723,FiloSottile__mkcert (sample analysis: 10 samples),Golang,e99344ec-23a3-4bcd-9b54-1af160f8d98c,1,1,file,vendor/github.com/DHowett/go-plist/doc.go,,,,1
min,2,total_halstead_operands,Total Halstead Operands/File,729d4ded-b025-47be-ae9b-ed0561b8f9e6,bcpierce00__unison (sample analysis: 10 samples),Ocaml,f7904710-38c9-481c-9ddd-3986daedf8af,1,1,file,src/uigtk.mli,,,,3
min,3,total_halstead_operands,Total Halstead Operands/File,729d4ded-b025-47be-ae9b-ed0561b8f9e6,bcpierce00__unison (sample analysis: 10 samples),Ocaml,f7904710-38c9-481c-9ddd-3986daedf8af,1,1,file,src/uigtk2.mli,,,,3
min,4,total_halstead_operands,Total Halstead Operands/File,729d4ded-b025-47be-ae9b-ed0561b8f9e6,bcpierce00__unison (sample analysis: 10 samples),Ocaml,f7904710-38c9-481c-9ddd-3986daedf8af,1,1,file,src/uitext.mli,,,,3
min,5,total_halstead_operands,Total Halstead Operands/File,27c2b119-0bb1-44ad-8d53-458f0cca57e7,camlworks__dream (sample analysis: 10 samples),Ocaml,804e7f29-6454-47b6-acd8-efbceb714b09,1,1,file,src/fw/utf8.mli,,,,3
max,1,total_halstead_operands,Total Halstead Operands/File,e9d92337-e257-41dd-9d58-bc6f84121654,astrada__google-drive-ocamlfuse (sample analysis: 10 samples),Ocaml,5af22e0c-1c0f-41c9-b418-cb357538cd10,1,1,file,setup.ml,,,,7423
max,2,total_halstead_operands,Total Halstead Operands/File,729d4ded-b025-47be-ae9b-ed0561b8f9e6,bcpierce00__unison (sample analysis: 10 samples),Ocaml,f7904710-38c9-481c-9ddd-3986daedf8af,1,1,file,src/uigtk2.ml,,,,5848
max,3,total_halstead_operands,Total Halstead Operands/File,729d4ded-b025-47be-ae9b-ed0561b8f9e6,bcpierce00__unison (sample analysis: 10 samples),Ocaml,f7904710-38c9-481c-9ddd-3986daedf8af,1,1,file,src/uigtk.ml,,,,5684
max,4,total_halstead_operands,Total Halstead Operands/File,729d4ded-b025-47be-ae9b-ed0561b8f9e6,bcpierce00__unison (sample analysis: 10 samples),Ocaml,f7904710-38c9-481c-9ddd-3986daedf8af,1,1,file,src/update.ml,,,,4475
max,5,total_halstead_operands,Total Halstead Operands/File,729d4ded-b025-47be-ae9b-ed0561b8f9e6,bcpierce00__unison (sample analysis: 10 samples),Ocaml,f7904710-38c9-481c-9ddd-3986daedf8af,1,1,file,src/ubase/rx.ml,,,,2815
min,1,total_halstead_length,Total Halstead Length/File,fe280555-02ee-426f-bc9f-f74fdf273723,FiloSottile__mkcert (sample analysis: 10 samples),Golang,e99344ec-23a3-4bcd-9b54-1af160f8d98c,1,1,file,vendor/github.com/DHowett/go-plist/doc.go,,,,2
min,2,total_halstead_length,Total Halstead Length/File,729d4ded-b025-47be-ae9b-ed0561b8f9e6,bcpierce00__unison (sample analysis: 10 samples),Ocaml,f7904710-38c9-481c-9ddd-3986daedf8af,1,1,file,src/uigtk.mli,,,,4
min,3,total_halstead_length,Total Halstead Length/File,729d4ded-b025-47be-ae9b-ed0561b8f9e6,bcpierce00__unison (sample analysis: 10 samples),Ocaml,f7904710-38c9-481c-9ddd-3986daedf8af,1,1,file,src/uigtk2.mli,,,,4
min,4,total_halstead_length,Total Halstead Length/File,729d4ded-b025-47be-ae9b-ed0561b8f9e6,bcpierce00__unison (sample analysis: 10 samples),Ocaml,f7904710-38c9-481c-9ddd-3986daedf8af,1,1,file,src/uitext.mli,,,,4
min,5,total_halstead_length,Total Halstead Length/File,27c2b119-0bb1-44ad-8d53-458f0cca57e7,camlworks__dream (sample analysis: 10 samples),Ocaml,804e7f29-6454-47b6-acd8-efbceb714b09,1,1,file,src/fw/utf8.mli,,,,4
max,1,total_halstead_length,Total Halstead Length/File,e9d92337-e257-41dd-9d58-bc6f84121654,astrada__google-drive-ocamlfuse (sample analysis: 10 samples),Ocaml,5af22e0c-1c0f-41c9-b418-cb357538cd10,1,1,file,setup.ml,,,,11674
max,2,total_halstead_length,Total Halstead Length/File,729d4ded-b025-47be-ae9b-ed0561b8f9e6,bcpierce00__unison (sample analysis: 10 samples),Ocaml,f7904710-38c9-481c-9ddd-3986daedf8af,1,1,file,src/uigtk2.ml,,,,9115
max,3,total_halstead_length,Total Halstead Length/File,729d4ded-b025-47be-ae9b-ed0561b8f9e6,bcpierce00__unison (sample analysis: 10 samples),Ocaml,f7904710-38c9-481c-9ddd-3986daedf8af,1,1,file,src/uigtk.ml,,,,8870
max,4,total_halstead_length,Total Halstead Length/File,729d4ded-b025-47be-ae9b-ed0561b8f9e6,bcpierce00__unison (sample analysis: 10 samples),Ocaml,f7904710-38c9-481c-9ddd-3986daedf8af,1,1,file,src/update.ml,,,,6629
max,5,total_halstead_length,Total Halstead Length/File,729d4ded-b025-47be-ae9b-ed0561b8f9e6,bcpierce00__unison (sample analysis: 10 samples),Ocaml,f7904710-38c9-481c-9ddd-3986daedf8af,1,1,file,src/ubase/rx.ml,,,,4421
min,1,total_halstead_vocabulary,Total Halstead Vocabulary/File,fe280555-02ee-426f-bc9f-f74fdf273723,FiloSottile__mkcert (sample analysis: 10 samples),Golang,e99344ec-23a3-4bcd-9b54-1af160f8d98c,1,1,file,vendor/github.com/DHowett/go-plist/doc.go,,,,2
min,2,total_halstead_vocabulary,Total Halstead Vocabulary/File,729d4ded-b025-47be-ae9b-ed0561b8f9e6,bcpierce00__unison (sample analysis: 10 samples),Ocaml,f7904710-38c9-481c-9ddd-3986daedf8af,1,1,file,src/uigtk.mli,,,,4
min,3,total_halstead_vocabulary,Total Halstead Vocabulary/File,729d4ded-b025-47be-ae9b-ed0561b8f9e6,bcpierce00__unison (sample analysis: 10 samples),Ocaml,f7904710-38c9-481c-9ddd-3986daedf8af,1,1,file,src/uigtk2.mli,,,,4
min,4,total_halstead_vocabulary,Total Halstead Vocabulary/File,729d4ded-b025-47be-ae9b-ed0561b8f9e6,bcpierce00__unison (sample analysis: 10 samples),Ocaml,f7904710-38c9-481c-9ddd-3986daedf8af,1,1,file,src/uitext.mli,,,,4
min,5,total_halstead_vocabulary,Total Halstead Vocabulary/File,27c2b119-0bb1-44ad-8d53-458f0cca57e7,camlworks__dream (sample analysis: 10 samples),Ocaml,804e7f29-6454-47b6-acd8-efbceb714b09,1,1,file,src/fw/utf8.mli,,,,4
max,1,total_halstead_vocabulary,Total Halstead Vocabulary/File,24cc32f1-80f1-40da-9ad5-e2285210d73d,router-for-me__CLIProxyAPI (sample analysis: 10 samples),Golang,4a8fe070-eeb4-4a72-834f-75cb5f9b12e3,1,1,file,internal/api/mine-type.go,,,,1471
max,2,total_halstead_vocabulary,Total Halstead Vocabulary/File,729d4ded-b025-47be-ae9b-ed0561b8f9e6,bcpierce00__unison (sample analysis: 10 samples),Ocaml,f7904710-38c9-481c-9ddd-3986daedf8af,1,1,file,src/uigtk2.ml,,,,1331
max,3,total_halstead_vocabulary,Total Halstead Vocabulary/File,e9d92337-e257-41dd-9d58-bc6f84121654,astrada__google-drive-ocamlfuse (sample analysis: 10 samples),Ocaml,5af22e0c-1c0f-41c9-b418-cb357538cd10,1,1,file,setup.ml,,,,1301
max,4,total_halstead_vocabulary,Total Halstead Vocabulary/File,729d4ded-b025-47be-ae9b-ed0561b8f9e6,bcpierce00__unison (sample analysis: 10 samples),Ocaml,f7904710-38c9-481c-9ddd-3986daedf8af,1,1,file,src/uigtk.ml,,,,1283
max,5,total_halstead_vocabulary,Total Halstead Vocabulary/File,729d4ded-b025-47be-ae9b-ed0561b8f9e6,bcpierce00__unison (sample analysis: 10 samples),Ocaml,f7904710-38c9-481c-9ddd-3986daedf8af,1,1,file,src/update.ml,,,,852
min,1,total_halstead_calculated_length,Total Halstead Calculated Length/File,fe280555-02ee-426f-bc9f-f74fdf273723,FiloSottile__mkcert (sample analysis: 10 samples),Golang,e99344ec-23a3-4bcd-9b54-1af160f8d98c,1,1,file,vendor/github.com/DHowett/go-plist/doc.go,,,,0
min,2,total_halstead_calculated_length,Total Halstead Calculated Length/File,729d4ded-b025-47be-ae9b-ed0561b8f9e6,bcpierce00__unison (sample analysis: 10 samples),Ocaml,f7904710-38c9-481c-9ddd-3986daedf8af,1,1,file,src/uigtk.mli,,,,4.754887502163468
min,3,total_halstead_calculated_length,Total Halstead Calculated Length/File,729d4ded-b025-47be-ae9b-ed0561b8f9e6,bcpierce00__unison (sample analysis: 10 samples),Ocaml,f7904710-38c9-481c-9ddd-3986daedf8af,1,1,file,src/uigtk2.mli,,,,4.754887502163468
min,4,total_halstead_calculated_length,Total Halstead Calculated Length/File,729d4ded-b025-47be-ae9b-ed0561b8f9e6,bcpierce00__unison (sample analysis: 10 samples),Ocaml,f7904710-38c9-481c-9ddd-3986daedf8af,1,1,file,src/uitext.mli,,,,4.754887502163468
min,5,total_halstead_calculated_length,Total Halstead Calculated Length/File,27c2b119-0bb1-44ad-8d53-458f0cca57e7,camlworks__dream (sample analysis: 10 samples),Ocaml,804e7f29-6454-47b6-acd8-efbceb714b09,1,1,file,src/fw/utf8.mli,,,,4.754887502163468
max,1,total_halstead_calculated_length,Total Halstead Calculated Length/File,24cc32f1-80f1-40da-9ad5-e2285210d73d,router-for-me__CLIProxyAPI (sample analysis: 10 samples),Golang,4a8fe070-eeb4-4a72-834f-75cb5f9b12e3,1,1,file,internal/api/mine-type.go,,,,15438.864179372862
max,2,total_halstead_calculated_length,Total Halstead Calculated Length/File,729d4ded-b025-47be-ae9b-ed0561b8f9e6,bcpierce00__unison (sample analysis: 10 samples),Ocaml,f7904710-38c9-481c-9ddd-3986daedf8af,1,1,file,src/uigtk2.ml,,,,13430.406841456528
max,3,total_halstead_calculated_length,Total Halstead Calculated Length/File,e9d92337-e257-41dd-9d58-bc6f84121654,astrada__google-drive-ocamlfuse (sample analysis: 10 samples),Ocaml,5af22e0c-1c0f-41c9-b418-cb357538cd10,1,1,file,setup.ml,,,,13144.333509591675
max,4,total_halstead_calculated_length,Total Halstead Calculated Length/File,729d4ded-b025-47be-ae9b-ed0561b8f9e6,bcpierce00__unison (sample analysis: 10 samples),Ocaml,f7904710-38c9-481c-9ddd-3986daedf8af,1,1,file,src/uigtk.ml,,,,12876.317380856763
max,5,total_halstead_calculated_length,Total Halstead Calculated Length/File,729d4ded-b025-47be-ae9b-ed0561b8f9e6,bcpierce00__unison (sample analysis: 10 samples),Ocaml,f7904710-38c9-481c-9ddd-3986daedf8af,1,1,file,src/update.ml,,,,8056.805254709549
min,1,total_halstead_volume,Total Halstead Volume/File,fe280555-02ee-426f-bc9f-f74fdf273723,FiloSottile__mkcert (sample analysis: 10 samples),Golang,e99344ec-23a3-4bcd-9b54-1af160f8d98c,1,1,file,vendor/github.com/DHowett/go-plist/doc.go,,,,2
min,2,total_halstead_volume,Total Halstead Volume/File,729d4ded-b025-47be-ae9b-ed0561b8f9e6,bcpierce00__unison (sample analysis: 10 samples),Ocaml,f7904710-38c9-481c-9ddd-3986daedf8af,1,1,file,src/uigtk.mli,,,,8
min,3,total_halstead_volume,Total Halstead Volume/File,729d4ded-b025-47be-ae9b-ed0561b8f9e6,bcpierce00__unison (sample analysis: 10 samples),Ocaml,f7904710-38c9-481c-9ddd-3986daedf8af,1,1,file,src/uigtk2.mli,,,,8
min,4,total_halstead_volume,Total Halstead Volume/File,729d4ded-b025-47be-ae9b-ed0561b8f9e6,bcpierce00__unison (sample analysis: 10 samples),Ocaml,f7904710-38c9-481c-9ddd-3986daedf8af,1,1,file,src/uitext.mli,,,,8
min,5,total_halstead_volume,Total Halstead Volume/File,27c2b119-0bb1-44ad-8d53-458f0cca57e7,camlworks__dream (sample analysis: 10 samples),Ocaml,804e7f29-6454-47b6-acd8-efbceb714b09,1,1,file,src/fw/utf8.mli,,,,8
max,1,total_halstead_volume,Total Halstead Volume/File,e9d92337-e257-41dd-9d58-bc6f84121654,astrada__google-drive-ocamlfuse (sample analysis: 10 samples),Ocaml,5af22e0c-1c0f-41c9-b418-cb357538cd10,1,1,file,setup.ml,,,,120772.26085018355
max,2,total_halstead_volume,Total Halstead Volume/File,729d4ded-b025-47be-ae9b-ed0561b8f9e6,bcpierce00__unison (sample analysis: 10 samples),Ocaml,f7904710-38c9-481c-9ddd-3986daedf8af,1,1,file,src/uigtk2.ml,,,,94598.15761163688
max,3,total_halstead_volume,Total Halstead Volume/File,729d4ded-b025-47be-ae9b-ed0561b8f9e6,bcpierce00__unison (sample analysis: 10 samples),Ocaml,f7904710-38c9-481c-9ddd-3986daedf8af,1,1,file,src/uigtk.ml,,,,91585.45938664548
max,4,total_halstead_volume,Total Halstead Volume/File,729d4ded-b025-47be-ae9b-ed0561b8f9e6,bcpierce00__unison (sample analysis: 10 samples),Ocaml,f7904710-38c9-481c-9ddd-3986daedf8af,1,1,file,src/update.ml,,,,64531.39007247708
max,5,total_halstead_volume,Total Halstead Volume/File,729d4ded-b025-47be-ae9b-ed0561b8f9e6,bcpierce00__unison (sample analysis: 10 samples),Ocaml,f7904710-38c9-481c-9ddd-3986daedf8af,1,1,file,src/ubase/rx.ml,,,,37647.90898505376
min,1,total_halstead_difficulty,Total Halstead Difficulty/File,fe280555-02ee-426f-bc9f-f74fdf273723,FiloSottile__mkcert (sample analysis: 10 samples),Golang,e99344ec-23a3-4bcd-9b54-1af160f8d98c,1,1,file,vendor/github.com/DHowett/go-plist/doc.go,,,,0.5
min,2,total_halstead_difficulty,Total Halstead Difficulty/File,729d4ded-b025-47be-ae9b-ed0561b8f9e6,bcpierce00__unison (sample analysis: 10 samples),Ocaml,f7904710-38c9-481c-9ddd-3986daedf8af,1,1,file,src/uigtk.mli,,,,0.5
min,3,total_halstead_difficulty,Total Halstead Difficulty/File,729d4ded-b025-47be-ae9b-ed0561b8f9e6,bcpierce00__unison (sample analysis: 10 samples),Ocaml,f7904710-38c9-481c-9ddd-3986daedf8af,1,1,file,src/uigtk2.mli,,,,0.5
min,4,total_halstead_difficulty,Total Halstead Difficulty/File,729d4ded-b025-47be-ae9b-ed0561b8f9e6,bcpierce00__unison (sample analysis: 10 samples),Ocaml,f7904710-38c9-481c-9ddd-3986daedf8af,1,1,file,src/uitext.mli,,,,0.5
min,5,total_halstead_difficulty,Total Halstead Difficulty/File,27c2b119-0bb1-44ad-8d53-458f0cca57e7,camlworks__dream (sample analysis: 10 samples),Ocaml,804e7f29-6454-47b6-acd8-efbceb714b09,1,1,file,src/fw/utf8.mli,,,,0.5
max,1,total_halstead_difficulty,Total Halstead Difficulty/File,729d4ded-b025-47be-ae9b-ed0561b8f9e6,bcpierce00__unison (sample analysis: 10 samples),Ocaml,f7904710-38c9-481c-9ddd-3986daedf8af,1,1,file,src/ubase/rx.ml,,,,233.0891719745223
max,2,total_halstead_difficulty,Total Halstead Difficulty/File,729d4ded-b025-47be-ae9b-ed0561b8f9e6,bcpierce00__unison (sample analysis: 10 samples),Ocaml,f7904710-38c9-481c-9ddd-3986daedf8af,1,1,file,src/uigtk2.ml,,,,154.9905063291139
max,3,total_halstead_difficulty,Total Halstead Difficulty/File,e9d92337-e257-41dd-9d58-bc6f84121654,astrada__google-drive-ocamlfuse (sample analysis: 10 samples),Ocaml,5af22e0c-1c0f-41c9-b418-cb357538cd10,1,1,file,setup.ml,,,,154.52201761409125
max,4,total_halstead_difficulty,Total Halstead Difficulty/File,729d4ded-b025-47be-ae9b-ed0561b8f9e6,bcpierce00__unison (sample analysis: 10 samples),Ocaml,f7904710-38c9-481c-9ddd-3986daedf8af,1,1,file,src/uigtk.ml,,,,151.66666666666669
max,5,total_halstead_difficulty,Total Halstead Difficulty/File,729d4ded-b025-47be-ae9b-ed0561b8f9e6,bcpierce00__unison (sample analysis: 10 samples),Ocaml,f7904710-38c9-481c-9ddd-3986daedf8af,1,1,file,src/ubase/myMap.ml,,,,151.38095238095238
min,1,total_halstead_effort,Total Halstead Effort/File,fe280555-02ee-426f-bc9f-f74fdf273723,FiloSottile__mkcert (sample analysis: 10 samples),Golang,e99344ec-23a3-4bcd-9b54-1af160f8d98c,1,1,file,vendor/github.com/DHowett/go-plist/doc.go,,,,1
min,2,total_halstead_effort,Total Halstead Effort/File,729d4ded-b025-47be-ae9b-ed0561b8f9e6,bcpierce00__unison (sample analysis: 10 samples),Ocaml,f7904710-38c9-481c-9ddd-3986daedf8af,1,1,file,src/uigtk.mli,,,,4
min,3,total_halstead_effort,Total Halstead Effort/File,729d4ded-b025-47be-ae9b-ed0561b8f9e6,bcpierce00__unison (sample analysis: 10 samples),Ocaml,f7904710-38c9-481c-9ddd-3986daedf8af,1,1,file,src/uigtk2.mli,,,,4
min,4,total_halstead_effort,Total Halstead Effort/File,729d4ded-b025-47be-ae9b-ed0561b8f9e6,bcpierce00__unison (sample analysis: 10 samples),Ocaml,f7904710-38c9-481c-9ddd-3986daedf8af,1,1,file,src/uitext.mli,,,,4
min,5,total_halstead_effort,Total Halstead Effort/File,27c2b119-0bb1-44ad-8d53-458f0cca57e7,camlworks__dream (sample analysis: 10 samples),Ocaml,804e7f29-6454-47b6-acd8-efbceb714b09,1,1,file,src/fw/utf8.mli,,,,4
max,1,total_halstead_effort,Total Halstead Effort/File,e9d92337-e257-41dd-9d58-bc6f84121654,astrada__google-drive-ocamlfuse (sample analysis: 10 samples),Ocaml,5af22e0c-1c0f-41c9-b418-cb357538cd10,1,1,file,setup.ml,,,,18661973.418385684
max,2,total_halstead_effort,Total Halstead Effort/File,729d4ded-b025-47be-ae9b-ed0561b8f9e6,bcpierce00__unison (sample analysis: 10 samples),Ocaml,f7904710-38c9-481c-9ddd-3986daedf8af,1,1,file,src/uigtk2.ml,,,,14661816.346028922
max,3,total_halstead_effort,Total Halstead Effort/File,729d4ded-b025-47be-ae9b-ed0561b8f9e6,bcpierce00__unison (sample analysis: 10 samples),Ocaml,f7904710-38c9-481c-9ddd-3986daedf8af,1,1,file,src/uigtk.ml,,,,13890461.3403079
max,4,total_halstead_effort,Total Halstead Effort/File,729d4ded-b025-47be-ae9b-ed0561b8f9e6,bcpierce00__unison (sample analysis: 10 samples),Ocaml,f7904710-38c9-481c-9ddd-3986daedf8af,1,1,file,src/ubase/rx.ml,,,,8775319.931898357
max,5,total_halstead_effort,Total Halstead Effort/File,729d4ded-b025-47be-ae9b-ed0561b8f9e6,bcpierce00__unison (sample analysis: 10 samples),Ocaml,f7904710-38c9-481c-9ddd-3986daedf8af,1,1,file,src/update.ml,,,,7299566.457181093
min,1,total_halstead_time_seconds,Total Halstead Time Seconds/File,fe280555-02ee-426f-bc9f-f74fdf273723,FiloSottile__mkcert (sample analysis: 10 samples),Golang,e99344ec-23a3-4bcd-9b54-1af160f8d98c,1,1,file,vendor/github.com/DHowett/go-plist/doc.go,,,,0.05555555555555555
min,2,total_halstead_time_seconds,Total Halstead Time Seconds/File,729d4ded-b025-47be-ae9b-ed0561b8f9e6,bcpierce00__unison (sample analysis: 10 samples),Ocaml,f7904710-38c9-481c-9ddd-3986daedf8af,1,1,file,src/uigtk.mli,,,,0.2222222222222222
min,3,total_halstead_time_seconds,Total Halstead Time Seconds/File,729d4ded-b025-47be-ae9b-ed0561b8f9e6,bcpierce00__unison (sample analysis: 10 samples),Ocaml,f7904710-38c9-481c-9ddd-3986daedf8af,1,1,file,src/uigtk2.mli,,,,0.2222222222222222
min,4,total_halstead_time_seconds,Total Halstead Time Seconds/File,729d4ded-b025-47be-ae9b-ed0561b8f9e6,bcpierce00__unison (sample analysis: 10 samples),Ocaml,f7904710-38c9-481c-9ddd-3986daedf8af,1,1,file,src/uitext.mli,,,,0.2222222222222222
min,5,total_halstead_time_seconds,Total Halstead Time Seconds/File,27c2b119-0bb1-44ad-8d53-458f0cca57e7,camlworks__dream (sample analysis: 10 samples),Ocaml,804e7f29-6454-47b6-acd8-efbceb714b09,1,1,file,src/fw/utf8.mli,,,,0.2222222222222222
max,1,total_halstead_time_seconds,Total Halstead Time Seconds/File,e9d92337-e257-41dd-9d58-bc6f84121654,astrada__google-drive-ocamlfuse (sample analysis: 10 samples),Ocaml,5af22e0c-1c0f-41c9-b418-cb357538cd10,1,1,file,setup.ml,,,,1036776.3010214269
max,2,total_halstead_time_seconds,Total Halstead Time Seconds/File,729d4ded-b025-47be-ae9b-ed0561b8f9e6,bcpierce00__unison (sample analysis: 10 samples),Ocaml,f7904710-38c9-481c-9ddd-3986daedf8af,1,1,file,src/uigtk2.ml,,,,814545.3525571623
max,3,total_halstead_time_seconds,Total Halstead Time Seconds/File,729d4ded-b025-47be-ae9b-ed0561b8f9e6,bcpierce00__unison (sample analysis: 10 samples),Ocaml,f7904710-38c9-481c-9ddd-3986daedf8af,1,1,file,src/uigtk.ml,,,,771692.2966837722
max,4,total_halstead_time_seconds,Total Halstead Time Seconds/File,729d4ded-b025-47be-ae9b-ed0561b8f9e6,bcpierce00__unison (sample analysis: 10 samples),Ocaml,f7904710-38c9-481c-9ddd-3986daedf8af,1,1,file,src/ubase/rx.ml,,,,487517.7739943532
max,5,total_halstead_time_seconds,Total Halstead Time Seconds/File,729d4ded-b025-47be-ae9b-ed0561b8f9e6,bcpierce00__unison (sample analysis: 10 samples),Ocaml,f7904710-38c9-481c-9ddd-3986daedf8af,1,1,file,src/update.ml,,,,405531.46984339406
min,1,total_halstead_bugs,Total Halstead Bugs/File,fe280555-02ee-426f-bc9f-f74fdf273723,FiloSottile__mkcert (sample analysis: 10 samples),Golang,e99344ec-23a3-4bcd-9b54-1af160f8d98c,1,1,file,vendor/github.com/DHowett/go-plist/doc.go,,,,0.0006666666666666666
min,2,total_halstead_bugs,Total Halstead Bugs/File,729d4ded-b025-47be-ae9b-ed0561b8f9e6,bcpierce00__unison (sample analysis: 10 samples),Ocaml,f7904710-38c9-481c-9ddd-3986daedf8af,1,1,file,src/uigtk.mli,,,,0.0026666666666666666
min,3,total_halstead_bugs,Total Halstead Bugs/File,729d4ded-b025-47be-ae9b-ed0561b8f9e6,bcpierce00__unison (sample analysis: 10 samples),Ocaml,f7904710-38c9-481c-9ddd-3986daedf8af,1,1,file,src/uigtk2.mli,,,,0.0026666666666666666
min,4,total_halstead_bugs,Total Halstead Bugs/File,729d4ded-b025-47be-ae9b-ed0561b8f9e6,bcpierce00__unison (sample analysis: 10 samples),Ocaml,f7904710-38c9-481c-9ddd-3986daedf8af,1,1,file,src/uitext.mli,,,,0.0026666666666666666
min,5,total_halstead_bugs,Total Halstead Bugs/File,27c2b119-0bb1-44ad-8d53-458f0cca57e7,camlworks__dream (sample analysis: 10 samples),Ocaml,804e7f29-6454-47b6-acd8-efbceb714b09,1,1,file,src/fw/utf8.mli,,,,0.0026666666666666666
max,1,total_halstead_bugs,Total Halstead Bugs/File,e9d92337-e257-41dd-9d58-bc6f84121654,astrada__google-drive-ocamlfuse (sample analysis: 10 samples),Ocaml,5af22e0c-1c0f-41c9-b418-cb357538cd10,1,1,file,setup.ml,,,,40.25742028339452
max,2,total_halstead_bugs,Total Halstead Bugs/File,729d4ded-b025-47be-ae9b-ed0561b8f9e6,bcpierce00__unison (sample analysis: 10 samples),Ocaml,f7904710-38c9-481c-9ddd-3986daedf8af,1,1,file,src/uigtk2.ml,,,,31.532719203878962
max,3,total_halstead_bugs,Total Halstead Bugs/File,729d4ded-b025-47be-ae9b-ed0561b8f9e6,bcpierce00__unison (sample analysis: 10 samples),Ocaml,f7904710-38c9-481c-9ddd-3986daedf8af,1,1,file,src/uigtk.ml,,,,30.52848646221516
max,4,total_halstead_bugs,Total Halstead Bugs/File,729d4ded-b025-47be-ae9b-ed0561b8f9e6,bcpierce00__unison (sample analysis: 10 samples),Ocaml,f7904710-38c9-481c-9ddd-3986daedf8af,1,1,file,src/update.ml,,,,21.51046335749236
max,5,total_halstead_bugs,Total Halstead Bugs/File,729d4ded-b025-47be-ae9b-ed0561b8f9e6,bcpierce00__unison (sample analysis: 10 samples),Ocaml,f7904710-38c9-481c-9ddd-3986daedf8af,1,1,file,src/ubase/rx.ml,,,,12.54930299501792
min,1,mean_outdegree_per_file,Mean Outdegree/File,069ad96b-3762-4b18-b863-c8f40f8d0442,AlistGo__alist (sample analysis: 10 samples),Golang,daf775e9-1c23-4583-82b8-82384b2f73d8,1,1,file,conf/config.go,,,,0
min,2,mean_outdegree_per_file,Mean Outdegree/File,069ad96b-3762-4b18-b863-c8f40f8d0442,AlistGo__alist (sample analysis: 10 samples),Golang,daf775e9-1c23-4583-82b8-82384b2f73d8,1,1,file,conf/var.go,,,,0
min,3,mean_outdegree_per_file,Mean Outdegree/File,069ad96b-3762-4b18-b863-c8f40f8d0442,AlistGo__alist (sample analysis: 10 samples),Golang,daf775e9-1c23-4583-82b8-82384b2f73d8,1,1,file,model/config.go,,,,0
min,4,mean_outdegree_per_file,Mean Outdegree/File,fe280555-02ee-426f-bc9f-f74fdf273723,FiloSottile__mkcert (sample analysis: 10 samples),Golang,e99344ec-23a3-4bcd-9b54-1af160f8d98c,1,1,file,vendor/github.com/DHowett/go-plist/bplist.go,,,,0
min,5,mean_outdegree_per_file,Mean Outdegree/File,fe280555-02ee-426f-bc9f-f74fdf273723,FiloSottile__mkcert (sample analysis: 10 samples),Golang,e99344ec-23a3-4bcd-9b54-1af160f8d98c,1,1,file,vendor/github.com/DHowett/go-plist/doc.go,,,,0
max,1,mean_outdegree_per_file,Mean Outdegree/File,24cc32f1-80f1-40da-9ad5-e2285210d73d,router-for-me__CLIProxyAPI (sample analysis: 10 samples),Golang,4a8fe070-eeb4-4a72-834f-75cb5f9b12e3,1,1,file,internal/api/handlers.go,,,,21
max,2,mean_outdegree_per_file,Mean Outdegree/File,24cc32f1-80f1-40da-9ad5-e2285210d73d,router-for-me__CLIProxyAPI (sample analysis: 10 samples),Golang,4a8fe070-eeb4-4a72-834f-75cb5f9b12e3,1,1,file,cmd/server/main.go,,,,16.666666666666668
max,3,mean_outdegree_per_file,Mean Outdegree/File,24cc32f1-80f1-40da-9ad5-e2285210d73d,router-for-me__CLIProxyAPI (sample analysis: 10 samples),Golang,4a8fe070-eeb4-4a72-834f-75cb5f9b12e3,1,1,file,internal/auth/auth.go,,,,16.333333333333332
max,4,mean_outdegree_per_file,Mean Outdegree/File,069ad96b-3762-4b18-b863-c8f40f8d0442,AlistGo__alist (sample analysis: 10 samples),Golang,daf775e9-1c23-4583-82b8-82384b2f73d8,1,1,file,model/init.go,,,,12
max,5,mean_outdegree_per_file,Mean Outdegree/File,e8c37d0d-f999-4ab0-9696-770ba31bbe18,gin-gonic__gin (sample analysis: 10 samples),Golang,e6383f16-0855-4d07-9a3e-660ff574257a,1,1,file,examples/example_basic.go,,,,11
min,1,mean_indegree_per_file,Mean Indegree/File,069ad96b-3762-4b18-b863-c8f40f8d0442,AlistGo__alist (sample analysis: 10 samples),Golang,daf775e9-1c23-4583-82b8-82384b2f73d8,1,1,file,conf/config.go,,,,0
min,2,mean_indegree_per_file,Mean Indegree/File,069ad96b-3762-4b18-b863-c8f40f8d0442,AlistGo__alist (sample analysis: 10 samples),Golang,daf775e9-1c23-4583-82b8-82384b2f73d8,1,1,file,conf/var.go,,,,0
min,3,mean_indegree_per_file,Mean Indegree/File,069ad96b-3762-4b18-b863-c8f40f8d0442,AlistGo__alist (sample analysis: 10 samples),Golang,daf775e9-1c23-4583-82b8-82384b2f73d8,1,1,file,model/config.go,,,,0
min,4,mean_indegree_per_file,Mean Indegree/File,069ad96b-3762-4b18-b863-c8f40f8d0442,AlistGo__alist (sample analysis: 10 samples),Golang,daf775e9-1c23-4583-82b8-82384b2f73d8,1,1,file,model/init.go,,,,0
min,5,mean_indegree_per_file,Mean Indegree/File,fe280555-02ee-426f-bc9f-f74fdf273723,FiloSottile__mkcert (sample analysis: 10 samples),Golang,e99344ec-23a3-4bcd-9b54-1af160f8d98c,1,1,file,vendor/github.com/DHowett/go-plist/bplist.go,,,,0
max,1,mean_indegree_per_file,Mean Indegree/File,729d4ded-b025-47be-ae9b-ed0561b8f9e6,bcpierce00__unison (sample analysis: 10 samples),Ocaml,f7904710-38c9-481c-9ddd-3986daedf8af,1,1,file,src/ubase/safelist.ml,,,,2.466666666666667
max,2,mean_indegree_per_file,Mean Indegree/File,08fc41ef-3162-4883-934f-1f96a9db7b1a,fastpack__fastpack (sample analysis: 10 samples),Ocaml,613c3469-35e9-41d1-8d27-14d43c240ca0,1,1,file,bin/Fastpack_visit.ml,,,,2.076923076923077
max,3,mean_indegree_per_file,Mean Indegree/File,729d4ded-b025-47be-ae9b-ed0561b8f9e6,bcpierce00__unison (sample analysis: 10 samples),Ocaml,f7904710-38c9-481c-9ddd-3986daedf8af,1,1,file,src/ubase/rx.ml,,,,2.0458715596330275
max,4,mean_indegree_per_file,Mean Indegree/File,08fc41ef-3162-4883-934f-1f96a9db7b1a,fastpack__fastpack (sample analysis: 10 samples),Ocaml,613c3469-35e9-41d1-8d27-14d43c240ca0,1,1,file,bin/Fastpack_printer.ml,,,,2.0277777777777777
max,5,mean_indegree_per_file,Mean Indegree/File,729d4ded-b025-47be-ae9b-ed0561b8f9e6,bcpierce00__unison (sample analysis: 10 samples),Ocaml,f7904710-38c9-481c-9ddd-3986daedf8af,1,1,file,src/uitext.ml,,,,1.9523809523809523
min,1,mean_cyclomatic_per_function_per_file,Mean Function Cyclomatic/File,069ad96b-3762-4b18-b863-c8f40f8d0442,AlistGo__alist (sample analysis: 10 samples),Golang,daf775e9-1c23-4583-82b8-82384b2f73d8,1,1,file,conf/var.go,,,,0
min,2,mean_cyclomatic_per_function_per_file,Mean Function Cyclomatic/File,069ad96b-3762-4b18-b863-c8f40f8d0442,AlistGo__alist (sample analysis: 10 samples),Golang,daf775e9-1c23-4583-82b8-82384b2f73d8,1,1,file,model/config.go,,,,0
min,3,mean_cyclomatic_per_function_per_file,Mean Function Cyclomatic/File,fe280555-02ee-426f-bc9f-f74fdf273723,FiloSottile__mkcert (sample analysis: 10 samples),Golang,e99344ec-23a3-4bcd-9b54-1af160f8d98c,1,1,file,vendor/github.com/DHowett/go-plist/bplist.go,,,,0
min,4,mean_cyclomatic_per_function_per_file,Mean Function Cyclomatic/File,fe280555-02ee-426f-bc9f-f74fdf273723,FiloSottile__mkcert (sample analysis: 10 samples),Golang,e99344ec-23a3-4bcd-9b54-1af160f8d98c,1,1,file,vendor/github.com/DHowett/go-plist/doc.go,,,,0
min,5,mean_cyclomatic_per_function_per_file,Mean Function Cyclomatic/File,24cc32f1-80f1-40da-9ad5-e2285210d73d,router-for-me__CLIProxyAPI (sample analysis: 10 samples),Golang,4a8fe070-eeb4-4a72-834f-75cb5f9b12e3,1,1,file,internal/api/mine-type.go,,,,0
max,1,mean_cyclomatic_per_function_per_file,Mean Function Cyclomatic/File,24cc32f1-80f1-40da-9ad5-e2285210d73d,router-for-me__CLIProxyAPI (sample analysis: 10 samples),Golang,4a8fe070-eeb4-4a72-834f-75cb5f9b12e3,1,1,file,internal/api/handlers.go,,,,20.125
max,2,mean_cyclomatic_per_function_per_file,Mean Function Cyclomatic/File,fe280555-02ee-426f-bc9f-f74fdf273723,FiloSottile__mkcert (sample analysis: 10 samples),Golang,e99344ec-23a3-4bcd-9b54-1af160f8d98c,1,1,file,vendor/github.com/DHowett/go-plist/xml_parser.go,,,,17
max,3,mean_cyclomatic_per_function_per_file,Mean Function Cyclomatic/File,729d4ded-b025-47be-ae9b-ed0561b8f9e6,bcpierce00__unison (sample analysis: 10 samples),Ocaml,f7904710-38c9-481c-9ddd-3986daedf8af,1,1,file,private/proofs/spec.ml,,,,11.75
max,4,mean_cyclomatic_per_function_per_file,Mean Function Cyclomatic/File,729d4ded-b025-47be-ae9b-ed0561b8f9e6,bcpierce00__unison (sample analysis: 10 samples),Ocaml,f7904710-38c9-481c-9ddd-3986daedf8af,1,1,file,src/main.ml,,,,11
max,5,mean_cyclomatic_per_function_per_file,Mean Function Cyclomatic/File,24cc32f1-80f1-40da-9ad5-e2285210d73d,router-for-me__CLIProxyAPI (sample analysis: 10 samples),Golang,4a8fe070-eeb4-4a72-834f-75cb5f9b12e3,1,1,file,cmd/server/main.go,,,,11
min,1,function_length,Function Length,e8c37d0d-f999-4ab0-9696-770ba31bbe18,gin-gonic__gin (sample analysis: 10 samples),Golang,e6383f16-0855-4d07-9a3e-660ff574257a,1,1,function,auth.go,Len:24:16,24,24,0
min,2,function_length,Function Length,e8c37d0d-f999-4ab0-9696-770ba31bbe18,gin-gonic__gin (sample analysis: 10 samples),Golang,e6383f16-0855-4d07-9a3e-660ff574257a,1,1,function,auth.go,Swap:25:16,25,25,0
min,3,function_length,Function Length,e8c37d0d-f999-4ab0-9696-770ba31bbe18,gin-gonic__gin (sample analysis: 10 samples),Golang,e6383f16-0855-4d07-9a3e-660ff574257a,1,1,function,auth.go,Less:26:16,26,26,0
min,4,function_length,Function Length,e9d92337-e257-41dd-9d58-bc6f84121654,astrada__google-drive-ocamlfuse (sample analysis: 10 samples),Ocaml,5af22e0c-1c0f-41c9-b418-cb357538cd10,1,1,function,myocamlbuild.ml,split_nl:249:7,249,249,0
min,5,function_length,Function Length,e9d92337-e257-41dd-9d58-bc6f84121654,astrada__google-drive-ocamlfuse (sample analysis: 10 samples),Ocaml,5af22e0c-1c0f-41c9-b418-cb357538cd10,1,1,function,myocamlbuild.ml,find_syntaxes:261:7,261,261,0
max,1,function_length,Function Length,729d4ded-b025-47be-ae9b-ed0561b8f9e6,bcpierce00__unison (sample analysis: 10 samples),Ocaml,f7904710-38c9-481c-9ddd-3986daedf8af,1,1,function,src/uigtk2.ml,createToplevelWindow:1067:9,1067,2194,1127
max,2,function_length,Function Length,729d4ded-b025-47be-ae9b-ed0561b8f9e6,bcpierce00__unison (sample analysis: 10 samples),Ocaml,f7904710-38c9-481c-9ddd-3986daedf8af,1,1,function,src/uigtk.ml,createToplevelWindow:1026:9,1026,2087,1061
max,3,function_length,Function Length,08fc41ef-3162-4883-934f-1f96a9db7b1a,fastpack__fastpack (sample analysis: 10 samples),Ocaml,613c3469-35e9-41d1-8d27-14d43c240ca0,1,1,function,bin/Fastpack_printer.ml,print:74:5,74,614,540
max,4,function_length,Function Length,e9d92337-e257-41dd-9d58-bc6f84121654,astrada__google-drive-ocamlfuse (sample analysis: 10 samples),Ocaml,5af22e0c-1c0f-41c9-b418-cb357538cd10,1,1,function,setup.ml,install:4205:7,4205,4507,302
max,5,function_length,Function Length,08fc41ef-3162-4883-934f-1f96a9db7b1a,fastpack__fastpack (sample analysis: 10 samples),Ocaml,613c3469-35e9-41d1-8d27-14d43c240ca0,1,1,function,bin/Fastpack_visit.ml,visit:28:5,28,296,268
min,1,cyclomatic,Function Cyclomatic,069ad96b-3762-4b18-b863-c8f40f8d0442,AlistGo__alist (sample analysis: 10 samples),Golang,daf775e9-1c23-4583-82b8-82384b2f73d8,1,1,function,conf/config.go,DefaultConfig:19:6,19,34,1
min,2,cyclomatic,Function Cyclomatic,069ad96b-3762-4b18-b863-c8f40f8d0442,AlistGo__alist (sample analysis: 10 samples),Golang,daf775e9-1c23-4583-82b8-82384b2f73d8,1,1,function,main.go,init:53:6,53,60,1
min,3,cyclomatic,Function Cyclomatic,069ad96b-3762-4b18-b863-c8f40f8d0442,AlistGo__alist (sample analysis: 10 samples),Golang,daf775e9-1c23-4583-82b8-82384b2f73d8,1,1,function,main.go,main:62:6,62,69,1
min,4,cyclomatic,Function Cyclomatic,fe280555-02ee-426f-bc9f-f74fdf273723,FiloSottile__mkcert (sample analysis: 10 samples),Golang,e99344ec-23a3-4bcd-9b54-1af160f8d98c,1,1,function,main.go,main:27:6,27,31,1
min,5,cyclomatic,Function Cyclomatic,fe280555-02ee-426f-bc9f-f74fdf273723,FiloSottile__mkcert (sample analysis: 10 samples),Golang,e99344ec-23a3-4bcd-9b54-1af160f8d98c,1,1,function,main.go,newCA:94:18,94,130,1
max,1,cyclomatic,Function Cyclomatic,08fc41ef-3162-4883-934f-1f96a9db7b1a,fastpack__fastpack (sample analysis: 10 samples),Ocaml,613c3469-35e9-41d1-8d27-14d43c240ca0,1,1,function,bin/Fastpack_printer.ml,emit_expression:298:7,298,449,83
max,2,cyclomatic,Function Cyclomatic,24cc32f1-80f1-40da-9ad5-e2285210d73d,router-for-me__CLIProxyAPI (sample analysis: 10 samples),Golang,4a8fe070-eeb4-4a72-834f-75cb5f9b12e3,1,1,function,internal/api/handlers.go,prepareRequest:182:23,182,357,63
max,3,cyclomatic,Function Cyclomatic,08fc41ef-3162-4883-934f-1f96a9db7b1a,fastpack__fastpack (sample analysis: 10 samples),Ocaml,613c3469-35e9-41d1-8d27-14d43c240ca0,1,1,function,bin/Fastpack_printer.ml,emit_statement:76:11,76,296,49
max,4,cyclomatic,Function Cyclomatic,fe280555-02ee-426f-bc9f-f74fdf273723,FiloSottile__mkcert (sample analysis: 10 samples),Golang,e99344ec-23a3-4bcd-9b54-1af160f8d98c,1,1,function,vendor/github.com/DHowett/go-plist/xml_parser.go,parseXMLElement:52:26,52,212,42
max,5,cyclomatic,Function Cyclomatic,08fc41ef-3162-4883-934f-1f96a9db7b1a,fastpack__fastpack (sample analysis: 10 samples),Ocaml,613c3469-35e9-41d1-8d27-14d43c240ca0,1,1,function,bin/Fastpack_visit.ml,visit_statement:30:11,30,143,41
min,1,cyclomatic_match_as_single_branch,Function Cyclomatic Match As Single Branch,069ad96b-3762-4b18-b863-c8f40f8d0442,AlistGo__alist (sample analysis: 10 samples),Golang,daf775e9-1c23-4583-82b8-82384b2f73d8,1,1,function,conf/config.go,DefaultConfig:19:6,19,34,1
min,2,cyclomatic_match_as_single_branch,Function Cyclomatic Match As Single Branch,069ad96b-3762-4b18-b863-c8f40f8d0442,AlistGo__alist (sample analysis: 10 samples),Golang,daf775e9-1c23-4583-82b8-82384b2f73d8,1,1,function,main.go,init:53:6,53,60,1
min,3,cyclomatic_match_as_single_branch,Function Cyclomatic Match As Single Branch,069ad96b-3762-4b18-b863-c8f40f8d0442,AlistGo__alist (sample analysis: 10 samples),Golang,daf775e9-1c23-4583-82b8-82384b2f73d8,1,1,function,main.go,main:62:6,62,69,1
min,4,cyclomatic_match_as_single_branch,Function Cyclomatic Match As Single Branch,fe280555-02ee-426f-bc9f-f74fdf273723,FiloSottile__mkcert (sample analysis: 10 samples),Golang,e99344ec-23a3-4bcd-9b54-1af160f8d98c,1,1,function,main.go,main:27:6,27,31,1
min,5,cyclomatic_match_as_single_branch,Function Cyclomatic Match As Single Branch,fe280555-02ee-426f-bc9f-f74fdf273723,FiloSottile__mkcert (sample analysis: 10 samples),Golang,e99344ec-23a3-4bcd-9b54-1af160f8d98c,1,1,function,main.go,newCA:94:18,94,130,1
max,1,cyclomatic_match_as_single_branch,Function Cyclomatic Match As Single Branch,24cc32f1-80f1-40da-9ad5-e2285210d73d,router-for-me__CLIProxyAPI (sample analysis: 10 samples),Golang,4a8fe070-eeb4-4a72-834f-75cb5f9b12e3,1,1,function,internal/api/handlers.go,prepareRequest:182:23,182,357,63
max,2,cyclomatic_match_as_single_branch,Function Cyclomatic Match As Single Branch,729d4ded-b025-47be-ae9b-ed0561b8f9e6,bcpierce00__unison (sample analysis: 10 samples),Ocaml,f7904710-38c9-481c-9ddd-3986daedf8af,1,1,function,src/files.ml,merge:613:5,613,836,36
max,3,cyclomatic_match_as_single_branch,Function Cyclomatic Match As Single Branch,fe280555-02ee-426f-bc9f-f74fdf273723,FiloSottile__mkcert (sample analysis: 10 samples),Golang,e99344ec-23a3-4bcd-9b54-1af160f8d98c,1,1,function,vendor/github.com/DHowett/go-plist/xml_parser.go,parseXMLElement:52:26,52,212,34
max,4,cyclomatic_match_as_single_branch,Function Cyclomatic Match As Single Branch,24cc32f1-80f1-40da-9ad5-e2285210d73d,router-for-me__CLIProxyAPI (sample analysis: 10 samples),Golang,4a8fe070-eeb4-4a72-834f-75cb5f9b12e3,1,1,function,internal/api/handlers.go,convertCliToOpenAINonStream:628:23,628,724,33
max,5,cyclomatic_match_as_single_branch,Function Cyclomatic Match As Single Branch,24cc32f1-80f1-40da-9ad5-e2285210d73d,router-for-me__CLIProxyAPI (sample analysis: 10 samples),Golang,4a8fe070-eeb4-4a72-834f-75cb5f9b12e3,1,1,function,internal/api/handlers.go,convertCliToOpenAI:542:23,542,626,29
min,1,indegree,Function Indegree,069ad96b-3762-4b18-b863-c8f40f8d0442,AlistGo__alist (sample analysis: 10 samples),Golang,daf775e9-1c23-4583-82b8-82384b2f73d8,1,1,function,conf/config.go,DefaultConfig:19:6,19,34,0
min,2,indegree,Function Indegree,069ad96b-3762-4b18-b863-c8f40f8d0442,AlistGo__alist (sample analysis: 10 samples),Golang,daf775e9-1c23-4583-82b8-82384b2f73d8,1,1,function,main.go,init:53:6,53,60,0
min,3,indegree,Function Indegree,069ad96b-3762-4b18-b863-c8f40f8d0442,AlistGo__alist (sample analysis: 10 samples),Golang,daf775e9-1c23-4583-82b8-82384b2f73d8,1,1,function,main.go,main:62:6,62,69,0
min,4,indegree,Function Indegree,069ad96b-3762-4b18-b863-c8f40f8d0442,AlistGo__alist (sample analysis: 10 samples),Golang,daf775e9-1c23-4583-82b8-82384b2f73d8,1,1,function,model/init.go,InitModel:15:6,15,71,0
min,5,indegree,Function Indegree,069ad96b-3762-4b18-b863-c8f40f8d0442,AlistGo__alist (sample analysis: 10 samples),Golang,daf775e9-1c23-4583-82b8-82384b2f73d8,1,1,function,utils/file.go,CreatNestedFile:22:6,22,32,0
max,1,indegree,Function Indegree,e9d92337-e257-41dd-9d58-bc6f84121654,astrada__google-drive-ocamlfuse (sample analysis: 10 samples),Ocaml,5af22e0c-1c0f-41c9-b418-cb357538cd10,1,1,function,setup.ml,f_:19:7,19,20,43
max,2,indegree,Function Indegree,08fc41ef-3162-4883-934f-1f96a9db7b1a,fastpack__fastpack (sample analysis: 10 samples),Ocaml,613c3469-35e9-41d1-8d27-14d43c240ca0,1,1,function,bin/Fastpack_printer.ml,emit:19:5,19,21,24
max,3,indegree,Function Indegree,e9d92337-e257-41dd-9d58-bc6f84121654,astrada__google-drive-ocamlfuse (sample analysis: 10 samples),Ocaml,5af22e0c-1c0f-41c9-b418-cb357538cd10,1,1,function,setup.ml,failwithf:223:7,223,223,18
max,4,indegree,Function Indegree,e9d92337-e257-41dd-9d58-bc6f84121654,astrada__google-drive-ocamlfuse (sample analysis: 10 samples),Ocaml,5af22e0c-1c0f-41c9-b418-cb357538cd10,1,1,function,setup.ml,s_:16:7,16,17,15
max,5,indegree,Function Indegree,729d4ded-b025-47be-ae9b-ed0561b8f9e6,bcpierce00__unison (sample analysis: 10 samples),Ocaml,f7904710-38c9-481c-9ddd-3986daedf8af,1,1,function,src/uitext.ml,display:91:5,91,92,13
min,1,outdegree,Function Outdegree,069ad96b-3762-4b18-b863-c8f40f8d0442,AlistGo__alist (sample analysis: 10 samples),Golang,daf775e9-1c23-4583-82b8-82384b2f73d8,1,1,function,conf/config.go,DefaultConfig:19:6,19,34,0
min,2,outdegree,Function Outdegree,fe280555-02ee-426f-bc9f-f74fdf273723,FiloSottile__mkcert (sample analysis: 10 samples),Golang,e99344ec-23a3-4bcd-9b54-1af160f8d98c,1,1,function,vendor/github.com/DHowett/go-plist/bplist_generator.go,bplistValueShouldUnique:25:6,25,31,0
min,3,outdegree,Function Outdegree,fe280555-02ee-426f-bc9f-f74fdf273723,FiloSottile__mkcert (sample analysis: 10 samples),Golang,e99344ec-23a3-4bcd-9b54-1af160f8d98c,1,1,function,vendor/github.com/DHowett/go-plist/bplist_generator.go,Indent:295:27,295,297,0
min,4,outdegree,Function Outdegree,fe280555-02ee-426f-bc9f-f74fdf273723,FiloSottile__mkcert (sample analysis: 10 samples),Golang,e99344ec-23a3-4bcd-9b54-1af160f8d98c,1,1,function,vendor/github.com/DHowett/go-plist/bplist_generator.go,newBplistGenerator:299:6,299,303,0
min,5,outdegree,Function Outdegree,fe280555-02ee-426f-bc9f-f74fdf273723,FiloSottile__mkcert (sample analysis: 10 samples),Golang,e99344ec-23a3-4bcd-9b54-1af160f8d98c,1,1,function,vendor/github.com/DHowett/go-plist/bplist_parser.go,newBplistParser:351:6,351,353,0
max,1,outdegree,Function Outdegree,729d4ded-b025-47be-ae9b-ed0561b8f9e6,bcpierce00__unison (sample analysis: 10 samples),Ocaml,f7904710-38c9-481c-9ddd-3986daedf8af,1,1,function,src/uigtk2.ml,createToplevelWindow:1067:9,1067,2194,106
max,2,outdegree,Function Outdegree,729d4ded-b025-47be-ae9b-ed0561b8f9e6,bcpierce00__unison (sample analysis: 10 samples),Ocaml,f7904710-38c9-481c-9ddd-3986daedf8af,1,1,function,src/uigtk.ml,createToplevelWindow:1026:9,1026,2087,105
max,3,outdegree,Function Outdegree,729d4ded-b025-47be-ae9b-ed0561b8f9e6,bcpierce00__unison (sample analysis: 10 samples),Ocaml,f7904710-38c9-481c-9ddd-3986daedf8af,1,1,function,src/files.ml,merge:613:5,613,836,49
max,4,outdegree,Function Outdegree,729d4ded-b025-47be-ae9b-ed0561b8f9e6,bcpierce00__unison (sample analysis: 10 samples),Ocaml,f7904710-38c9-481c-9ddd-3986daedf8af,1,1,function,src/uigtk2.ml,getProfile:809:5,809,964,43
max,5,outdegree,Function Outdegree,729d4ded-b025-47be-ae9b-ed0561b8f9e6,bcpierce00__unison (sample analysis: 10 samples),Ocaml,f7904710-38c9-481c-9ddd-3986daedf8af,1,1,function,src/uigtk.ml,getProfile:767:5,767,921,43
min,1,halstead_unique_operators,Function Halstead Unique Operators,e9d92337-e257-41dd-9d58-bc6f84121654,astrada__google-drive-ocamlfuse (sample analysis: 10 samples),Ocaml,5af22e0c-1c0f-41c9-b418-cb357538cd10,1,1,function,myocamlbuild.ml,ns_:6:7,6,7,0
min,2,halstead_unique_operators,Function Halstead Unique Operators,e9d92337-e257-41dd-9d58-bc6f84121654,astrada__google-drive-ocamlfuse (sample analysis: 10 samples),Ocaml,5af22e0c-1c0f-41c9-b418-cb357538cd10,1,1,function,myocamlbuild.ml,s_:9:7,9,10,0
min,3,halstead_unique_operators,Function Halstead Unique Operators,e9d92337-e257-41dd-9d58-bc6f84121654,astrada__google-drive-ocamlfuse (sample analysis: 10 samples),Ocaml,5af22e0c-1c0f-41c9-b418-cb357538cd10,1,1,function,myocamlbuild.ml,f_:12:7,12,13,0
min,4,halstead_unique_operators,Function Halstead Unique Operators,e9d92337-e257-41dd-9d58-bc6f84121654,astrada__google-drive-ocamlfuse (sample analysis: 10 samples),Ocaml,5af22e0c-1c0f-41c9-b418-cb357538cd10,1,1,function,myocamlbuild.ml,fn_:15:7,15,19,0
min,5,halstead_unique_operators,Function Halstead Unique Operators,e9d92337-e257-41dd-9d58-bc6f84121654,astrada__google-drive-ocamlfuse (sample analysis: 10 samples),Ocaml,5af22e0c-1c0f-41c9-b418-cb357538cd10,1,1,function,myocamlbuild.ml,var_get:186:7,186,205,0
max,1,halstead_unique_operators,Function Halstead Unique Operators,729d4ded-b025-47be-ae9b-ed0561b8f9e6,bcpierce00__unison (sample analysis: 10 samples),Ocaml,f7904710-38c9-481c-9ddd-3986daedf8af,1,1,function,src/uigtk2.ml,createToplevelWindow:1067:9,1067,2194,45
max,2,halstead_unique_operators,Function Halstead Unique Operators,729d4ded-b025-47be-ae9b-ed0561b8f9e6,bcpierce00__unison (sample analysis: 10 samples),Ocaml,f7904710-38c9-481c-9ddd-3986daedf8af,1,1,function,src/uigtk.ml,createToplevelWindow:1026:9,1026,2087,44
max,3,halstead_unique_operators,Function Halstead Unique Operators,e9d92337-e257-41dd-9d58-bc6f84121654,astrada__google-drive-ocamlfuse (sample analysis: 10 samples),Ocaml,5af22e0c-1c0f-41c9-b418-cb357538cd10,1,1,function,setup.ml,printf:52:7,52,60,40
max,4,halstead_unique_operators,Function Halstead Unique Operators,e9d92337-e257-41dd-9d58-bc6f84121654,astrada__google-drive-ocamlfuse (sample analysis: 10 samples),Ocaml,5af22e0c-1c0f-41c9-b418-cb357538cd10,1,1,function,setup.ml,split:127:7,127,166,36
max,5,halstead_unique_operators,Function Halstead Unique Operators,e9d92337-e257-41dd-9d58-bc6f84121654,astrada__google-drive-ocamlfuse (sample analysis: 10 samples),Ocaml,5af22e0c-1c0f-41c9-b418-cb357538cd10,1,1,function,setup.ml,split_aux:131:13,131,164,34
min,1,halstead_unique_operands,Function Halstead Unique Operands,e9d92337-e257-41dd-9d58-bc6f84121654,astrada__google-drive-ocamlfuse (sample analysis: 10 samples),Ocaml,5af22e0c-1c0f-41c9-b418-cb357538cd10,1,1,function,myocamlbuild.ml,ns_:6:7,6,7,0
min,2,halstead_unique_operands,Function Halstead Unique Operands,e9d92337-e257-41dd-9d58-bc6f84121654,astrada__google-drive-ocamlfuse (sample analysis: 10 samples),Ocaml,5af22e0c-1c0f-41c9-b418-cb357538cd10,1,1,function,myocamlbuild.ml,s_:9:7,9,10,0
min,3,halstead_unique_operands,Function Halstead Unique Operands,e9d92337-e257-41dd-9d58-bc6f84121654,astrada__google-drive-ocamlfuse (sample analysis: 10 samples),Ocaml,5af22e0c-1c0f-41c9-b418-cb357538cd10,1,1,function,myocamlbuild.ml,f_:12:7,12,13,0
min,4,halstead_unique_operands,Function Halstead Unique Operands,e9d92337-e257-41dd-9d58-bc6f84121654,astrada__google-drive-ocamlfuse (sample analysis: 10 samples),Ocaml,5af22e0c-1c0f-41c9-b418-cb357538cd10,1,1,function,myocamlbuild.ml,fn_:15:7,15,19,0
min,5,halstead_unique_operands,Function Halstead Unique Operands,e9d92337-e257-41dd-9d58-bc6f84121654,astrada__google-drive-ocamlfuse (sample analysis: 10 samples),Ocaml,5af22e0c-1c0f-41c9-b418-cb357538cd10,1,1,function,myocamlbuild.ml,var_get:186:7,186,205,0
max,1,halstead_unique_operands,Function Halstead Unique Operands,729d4ded-b025-47be-ae9b-ed0561b8f9e6,bcpierce00__unison (sample analysis: 10 samples),Ocaml,f7904710-38c9-481c-9ddd-3986daedf8af,1,1,function,src/uigtk2.ml,createToplevelWindow:1067:9,1067,2194,636
max,2,halstead_unique_operands,Function Halstead Unique Operands,729d4ded-b025-47be-ae9b-ed0561b8f9e6,bcpierce00__unison (sample analysis: 10 samples),Ocaml,f7904710-38c9-481c-9ddd-3986daedf8af,1,1,function,src/uigtk.ml,createToplevelWindow:1026:9,1026,2087,621
max,3,halstead_unique_operands,Function Halstead Unique Operands,08fc41ef-3162-4883-934f-1f96a9db7b1a,fastpack__fastpack (sample analysis: 10 samples),Ocaml,613c3469-35e9-41d1-8d27-14d43c240ca0,1,1,function,bin/Fastpack_printer.ml,print:74:5,74,614,380
max,4,halstead_unique_operands,Function Halstead Unique Operands,e9d92337-e257-41dd-9d58-bc6f84121654,astrada__google-drive-ocamlfuse (sample analysis: 10 samples),Ocaml,5af22e0c-1c0f-41c9-b418-cb357538cd10,1,1,function,setup.ml,split:127:7,127,166,362
max,5,halstead_unique_operands,Function Halstead Unique Operands,e9d92337-e257-41dd-9d58-bc6f84121654,astrada__google-drive-ocamlfuse (sample analysis: 10 samples),Ocaml,5af22e0c-1c0f-41c9-b418-cb357538cd10,1,1,function,setup.ml,split_aux:131:13,131,164,321
min,1,halstead_operators,Function Halstead Operators,e9d92337-e257-41dd-9d58-bc6f84121654,astrada__google-drive-ocamlfuse (sample analysis: 10 samples),Ocaml,5af22e0c-1c0f-41c9-b418-cb357538cd10,1,1,function,myocamlbuild.ml,ns_:6:7,6,7,0
min,2,halstead_operators,Function Halstead Operators,e9d92337-e257-41dd-9d58-bc6f84121654,astrada__google-drive-ocamlfuse (sample analysis: 10 samples),Ocaml,5af22e0c-1c0f-41c9-b418-cb357538cd10,1,1,function,myocamlbuild.ml,s_:9:7,9,10,0
min,3,halstead_operators,Function Halstead Operators,e9d92337-e257-41dd-9d58-bc6f84121654,astrada__google-drive-ocamlfuse (sample analysis: 10 samples),Ocaml,5af22e0c-1c0f-41c9-b418-cb357538cd10,1,1,function,myocamlbuild.ml,f_:12:7,12,13,0
min,4,halstead_operators,Function Halstead Operators,e9d92337-e257-41dd-9d58-bc6f84121654,astrada__google-drive-ocamlfuse (sample analysis: 10 samples),Ocaml,5af22e0c-1c0f-41c9-b418-cb357538cd10,1,1,function,myocamlbuild.ml,fn_:15:7,15,19,0
min,5,halstead_operators,Function Halstead Operators,e9d92337-e257-41dd-9d58-bc6f84121654,astrada__google-drive-ocamlfuse (sample analysis: 10 samples),Ocaml,5af22e0c-1c0f-41c9-b418-cb357538cd10,1,1,function,myocamlbuild.ml,var_get:186:7,186,205,0
max,1,halstead_operators,Function Halstead Operators,729d4ded-b025-47be-ae9b-ed0561b8f9e6,bcpierce00__unison (sample analysis: 10 samples),Ocaml,f7904710-38c9-481c-9ddd-3986daedf8af,1,1,function,src/uigtk.ml,createToplevelWindow:1026:9,1026,2087,1476
max,2,halstead_operators,Function Halstead Operators,729d4ded-b025-47be-ae9b-ed0561b8f9e6,bcpierce00__unison (sample analysis: 10 samples),Ocaml,f7904710-38c9-481c-9ddd-3986daedf8af,1,1,function,src/uigtk2.ml,createToplevelWindow:1067:9,1067,2194,1463
max,3,halstead_operators,Function Halstead Operators,08fc41ef-3162-4883-934f-1f96a9db7b1a,fastpack__fastpack (sample analysis: 10 samples),Ocaml,613c3469-35e9-41d1-8d27-14d43c240ca0,1,1,function,bin/Fastpack_printer.ml,print:74:5,74,614,786
max,4,halstead_operators,Function Halstead Operators,e9d92337-e257-41dd-9d58-bc6f84121654,astrada__google-drive-ocamlfuse (sample analysis: 10 samples),Ocaml,5af22e0c-1c0f-41c9-b418-cb357538cd10,1,1,function,setup.ml,split:127:7,127,166,472
max,5,halstead_operators,Function Halstead Operators,e9d92337-e257-41dd-9d58-bc6f84121654,astrada__google-drive-ocamlfuse (sample analysis: 10 samples),Ocaml,5af22e0c-1c0f-41c9-b418-cb357538cd10,1,1,function,setup.ml,split_aux:131:13,131,164,399
min,1,halstead_operands,Function Halstead Operands,e9d92337-e257-41dd-9d58-bc6f84121654,astrada__google-drive-ocamlfuse (sample analysis: 10 samples),Ocaml,5af22e0c-1c0f-41c9-b418-cb357538cd10,1,1,function,myocamlbuild.ml,ns_:6:7,6,7,0
min,2,halstead_operands,Function Halstead Operands,e9d92337-e257-41dd-9d58-bc6f84121654,astrada__google-drive-ocamlfuse (sample analysis: 10 samples),Ocaml,5af22e0c-1c0f-41c9-b418-cb357538cd10,1,1,function,myocamlbuild.ml,s_:9:7,9,10,0
min,3,halstead_operands,Function Halstead Operands,e9d92337-e257-41dd-9d58-bc6f84121654,astrada__google-drive-ocamlfuse (sample analysis: 10 samples),Ocaml,5af22e0c-1c0f-41c9-b418-cb357538cd10,1,1,function,myocamlbuild.ml,f_:12:7,12,13,0
min,4,halstead_operands,Function Halstead Operands,e9d92337-e257-41dd-9d58-bc6f84121654,astrada__google-drive-ocamlfuse (sample analysis: 10 samples),Ocaml,5af22e0c-1c0f-41c9-b418-cb357538cd10,1,1,function,myocamlbuild.ml,fn_:15:7,15,19,0
min,5,halstead_operands,Function Halstead Operands,e9d92337-e257-41dd-9d58-bc6f84121654,astrada__google-drive-ocamlfuse (sample analysis: 10 samples),Ocaml,5af22e0c-1c0f-41c9-b418-cb357538cd10,1,1,function,myocamlbuild.ml,var_get:186:7,186,205,0
max,1,halstead_operands,Function Halstead Operands,729d4ded-b025-47be-ae9b-ed0561b8f9e6,bcpierce00__unison (sample analysis: 10 samples),Ocaml,f7904710-38c9-481c-9ddd-3986daedf8af,1,1,function,src/uigtk2.ml,createToplevelWindow:1067:9,1067,2194,2538
max,2,halstead_operands,Function Halstead Operands,729d4ded-b025-47be-ae9b-ed0561b8f9e6,bcpierce00__unison (sample analysis: 10 samples),Ocaml,f7904710-38c9-481c-9ddd-3986daedf8af,1,1,function,src/uigtk.ml,createToplevelWindow:1026:9,1026,2087,2532
max,3,halstead_operands,Function Halstead Operands,08fc41ef-3162-4883-934f-1f96a9db7b1a,fastpack__fastpack (sample analysis: 10 samples),Ocaml,613c3469-35e9-41d1-8d27-14d43c240ca0,1,1,function,bin/Fastpack_printer.ml,print:74:5,74,614,1683
max,4,halstead_operands,Function Halstead Operands,e9d92337-e257-41dd-9d58-bc6f84121654,astrada__google-drive-ocamlfuse (sample analysis: 10 samples),Ocaml,5af22e0c-1c0f-41c9-b418-cb357538cd10,1,1,function,setup.ml,split:127:7,127,166,921
max,5,halstead_operands,Function Halstead Operands,e9d92337-e257-41dd-9d58-bc6f84121654,astrada__google-drive-ocamlfuse (sample analysis: 10 samples),Ocaml,5af22e0c-1c0f-41c9-b418-cb357538cd10,1,1,function,setup.ml,split_aux:131:13,131,164,764
min,1,halstead_length,Function Halstead Length,e9d92337-e257-41dd-9d58-bc6f84121654,astrada__google-drive-ocamlfuse (sample analysis: 10 samples),Ocaml,5af22e0c-1c0f-41c9-b418-cb357538cd10,1,1,function,myocamlbuild.ml,ns_:6:7,6,7,0
min,2,halstead_length,Function Halstead Length,e9d92337-e257-41dd-9d58-bc6f84121654,astrada__google-drive-ocamlfuse (sample analysis: 10 samples),Ocaml,5af22e0c-1c0f-41c9-b418-cb357538cd10,1,1,function,myocamlbuild.ml,s_:9:7,9,10,0
min,3,halstead_length,Function Halstead Length,e9d92337-e257-41dd-9d58-bc6f84121654,astrada__google-drive-ocamlfuse (sample analysis: 10 samples),Ocaml,5af22e0c-1c0f-41c9-b418-cb357538cd10,1,1,function,myocamlbuild.ml,f_:12:7,12,13,0
min,4,halstead_length,Function Halstead Length,e9d92337-e257-41dd-9d58-bc6f84121654,astrada__google-drive-ocamlfuse (sample analysis: 10 samples),Ocaml,5af22e0c-1c0f-41c9-b418-cb357538cd10,1,1,function,myocamlbuild.ml,fn_:15:7,15,19,0
min,5,halstead_length,Function Halstead Length,e9d92337-e257-41dd-9d58-bc6f84121654,astrada__google-drive-ocamlfuse (sample analysis: 10 samples),Ocaml,5af22e0c-1c0f-41c9-b418-cb357538cd10,1,1,function,myocamlbuild.ml,var_get:186:7,186,205,0
max,1,halstead_length,Function Halstead Length,729d4ded-b025-47be-ae9b-ed0561b8f9e6,bcpierce00__unison (sample analysis: 10 samples),Ocaml,f7904710-38c9-481c-9ddd-3986daedf8af,1,1,function,src/uigtk.ml,createToplevelWindow:1026:9,1026,2087,4008
max,2,halstead_length,Function Halstead Length,729d4ded-b025-47be-ae9b-ed0561b8f9e6,bcpierce00__unison (sample analysis: 10 samples),Ocaml,f7904710-38c9-481c-9ddd-3986daedf8af,1,1,function,src/uigtk2.ml,createToplevelWindow:1067:9,1067,2194,4001
max,3,halstead_length,Function Halstead Length,08fc41ef-3162-4883-934f-1f96a9db7b1a,fastpack__fastpack (sample analysis: 10 samples),Ocaml,613c3469-35e9-41d1-8d27-14d43c240ca0,1,1,function,bin/Fastpack_printer.ml,print:74:5,74,614,2469
max,4,halstead_length,Function Halstead Length,e9d92337-e257-41dd-9d58-bc6f84121654,astrada__google-drive-ocamlfuse (sample analysis: 10 samples),Ocaml,5af22e0c-1c0f-41c9-b418-cb357538cd10,1,1,function,setup.ml,split:127:7,127,166,1393
max,5,halstead_length,Function Halstead Length,e9d92337-e257-41dd-9d58-bc6f84121654,astrada__google-drive-ocamlfuse (sample analysis: 10 samples),Ocaml,5af22e0c-1c0f-41c9-b418-cb357538cd10,1,1,function,setup.ml,split_aux:131:13,131,164,1163
min,1,halstead_vocabulary,Function Halstead Vocabulary,e9d92337-e257-41dd-9d58-bc6f84121654,astrada__google-drive-ocamlfuse (sample analysis: 10 samples),Ocaml,5af22e0c-1c0f-41c9-b418-cb357538cd10,1,1,function,myocamlbuild.ml,ns_:6:7,6,7,0
min,2,halstead_vocabulary,Function Halstead Vocabulary,e9d92337-e257-41dd-9d58-bc6f84121654,astrada__google-drive-ocamlfuse (sample analysis: 10 samples),Ocaml,5af22e0c-1c0f-41c9-b418-cb357538cd10,1,1,function,myocamlbuild.ml,s_:9:7,9,10,0
min,3,halstead_vocabulary,Function Halstead Vocabulary,e9d92337-e257-41dd-9d58-bc6f84121654,astrada__google-drive-ocamlfuse (sample analysis: 10 samples),Ocaml,5af22e0c-1c0f-41c9-b418-cb357538cd10,1,1,function,myocamlbuild.ml,f_:12:7,12,13,0
min,4,halstead_vocabulary,Function Halstead Vocabulary,e9d92337-e257-41dd-9d58-bc6f84121654,astrada__google-drive-ocamlfuse (sample analysis: 10 samples),Ocaml,5af22e0c-1c0f-41c9-b418-cb357538cd10,1,1,function,myocamlbuild.ml,fn_:15:7,15,19,0
min,5,halstead_vocabulary,Function Halstead Vocabulary,e9d92337-e257-41dd-9d58-bc6f84121654,astrada__google-drive-ocamlfuse (sample analysis: 10 samples),Ocaml,5af22e0c-1c0f-41c9-b418-cb357538cd10,1,1,function,myocamlbuild.ml,var_get:186:7,186,205,0
max,1,halstead_vocabulary,Function Halstead Vocabulary,729d4ded-b025-47be-ae9b-ed0561b8f9e6,bcpierce00__unison (sample analysis: 10 samples),Ocaml,f7904710-38c9-481c-9ddd-3986daedf8af,1,1,function,src/uigtk2.ml,createToplevelWindow:1067:9,1067,2194,681
max,2,halstead_vocabulary,Function Halstead Vocabulary,729d4ded-b025-47be-ae9b-ed0561b8f9e6,bcpierce00__unison (sample analysis: 10 samples),Ocaml,f7904710-38c9-481c-9ddd-3986daedf8af,1,1,function,src/uigtk.ml,createToplevelWindow:1026:9,1026,2087,665
max,3,halstead_vocabulary,Function Halstead Vocabulary,08fc41ef-3162-4883-934f-1f96a9db7b1a,fastpack__fastpack (sample analysis: 10 samples),Ocaml,613c3469-35e9-41d1-8d27-14d43c240ca0,1,1,function,bin/Fastpack_printer.ml,print:74:5,74,614,399
max,4,halstead_vocabulary,Function Halstead Vocabulary,e9d92337-e257-41dd-9d58-bc6f84121654,astrada__google-drive-ocamlfuse (sample analysis: 10 samples),Ocaml,5af22e0c-1c0f-41c9-b418-cb357538cd10,1,1,function,setup.ml,split:127:7,127,166,398
max,5,halstead_vocabulary,Function Halstead Vocabulary,e9d92337-e257-41dd-9d58-bc6f84121654,astrada__google-drive-ocamlfuse (sample analysis: 10 samples),Ocaml,5af22e0c-1c0f-41c9-b418-cb357538cd10,1,1,function,setup.ml,split_aux:131:13,131,164,355
min,1,halstead_calculated_length,Function Halstead Calculated Length,e9d92337-e257-41dd-9d58-bc6f84121654,astrada__google-drive-ocamlfuse (sample analysis: 10 samples),Ocaml,5af22e0c-1c0f-41c9-b418-cb357538cd10,1,1,function,myocamlbuild.ml,ns_:6:7,6,7,0
min,2,halstead_calculated_length,Function Halstead Calculated Length,e9d92337-e257-41dd-9d58-bc6f84121654,astrada__google-drive-ocamlfuse (sample analysis: 10 samples),Ocaml,5af22e0c-1c0f-41c9-b418-cb357538cd10,1,1,function,myocamlbuild.ml,s_:9:7,9,10,0
min,3,halstead_calculated_length,Function Halstead Calculated Length,e9d92337-e257-41dd-9d58-bc6f84121654,astrada__google-drive-ocamlfuse (sample analysis: 10 samples),Ocaml,5af22e0c-1c0f-41c9-b418-cb357538cd10,1,1,function,myocamlbuild.ml,f_:12:7,12,13,0
min,4,halstead_calculated_length,Function Halstead Calculated Length,e9d92337-e257-41dd-9d58-bc6f84121654,astrada__google-drive-ocamlfuse (sample analysis: 10 samples),Ocaml,5af22e0c-1c0f-41c9-b418-cb357538cd10,1,1,function,myocamlbuild.ml,fn_:15:7,15,19,0
min,5,halstead_calculated_length,Function Halstead Calculated Length,e9d92337-e257-41dd-9d58-bc6f84121654,astrada__google-drive-ocamlfuse (sample analysis: 10 samples),Ocaml,5af22e0c-1c0f-41c9-b418-cb357538cd10,1,1,function,myocamlbuild.ml,var_get:186:7,186,205,0
max,1,halstead_calculated_length,Function Halstead Calculated Length,729d4ded-b025-47be-ae9b-ed0561b8f9e6,bcpierce00__unison (sample analysis: 10 samples),Ocaml,f7904710-38c9-481c-9ddd-3986daedf8af,1,1,function,src/uigtk2.ml,createToplevelWindow:1067:9,1067,2194,6170.126948895685
max,2,halstead_calculated_length,Function Halstead Calculated Length,729d4ded-b025-47be-ae9b-ed0561b8f9e6,bcpierce00__unison (sample analysis: 10 samples),Ocaml,f7904710-38c9-481c-9ddd-3986daedf8af,1,1,function,src/uigtk.ml,createToplevelWindow:1026:9,1026,2087,6002.132104774961
max,3,halstead_calculated_length,Function Halstead Calculated Length,08fc41ef-3162-4883-934f-1f96a9db7b1a,fastpack__fastpack (sample analysis: 10 samples),Ocaml,613c3469-35e9-41d1-8d27-14d43c240ca0,1,1,function,bin/Fastpack_printer.ml,print:74:5,74,614,3337.255753921189
max,4,halstead_calculated_length,Function Halstead Calculated Length,e9d92337-e257-41dd-9d58-bc6f84121654,astrada__google-drive-ocamlfuse (sample analysis: 10 samples),Ocaml,5af22e0c-1c0f-41c9-b418-cb357538cd10,1,1,function,setup.ml,split:127:7,127,166,3263.061511176044
max,5,halstead_calculated_length,Function Halstead Calculated Length,e9d92337-e257-41dd-9d58-bc6f84121654,astrada__google-drive-ocamlfuse (sample analysis: 10 samples),Ocaml,5af22e0c-1c0f-41c9-b418-cb357538cd10,1,1,function,setup.ml,split_aux:131:13,131,164,2845.757601968771
min,1,halstead_volume,Function Halstead Volume,e9d92337-e257-41dd-9d58-bc6f84121654,astrada__google-drive-ocamlfuse (sample analysis: 10 samples),Ocaml,5af22e0c-1c0f-41c9-b418-cb357538cd10,1,1,function,myocamlbuild.ml,ns_:6:7,6,7,0
min,2,halstead_volume,Function Halstead Volume,e9d92337-e257-41dd-9d58-bc6f84121654,astrada__google-drive-ocamlfuse (sample analysis: 10 samples),Ocaml,5af22e0c-1c0f-41c9-b418-cb357538cd10,1,1,function,myocamlbuild.ml,s_:9:7,9,10,0
min,3,halstead_volume,Function Halstead Volume,e9d92337-e257-41dd-9d58-bc6f84121654,astrada__google-drive-ocamlfuse (sample analysis: 10 samples),Ocaml,5af22e0c-1c0f-41c9-b418-cb357538cd10,1,1,function,myocamlbuild.ml,f_:12:7,12,13,0
min,4,halstead_volume,Function Halstead Volume,e9d92337-e257-41dd-9d58-bc6f84121654,astrada__google-drive-ocamlfuse (sample analysis: 10 samples),Ocaml,5af22e0c-1c0f-41c9-b418-cb357538cd10,1,1,function,myocamlbuild.ml,fn_:15:7,15,19,0
min,5,halstead_volume,Function Halstead Volume,e9d92337-e257-41dd-9d58-bc6f84121654,astrada__google-drive-ocamlfuse (sample analysis: 10 samples),Ocaml,5af22e0c-1c0f-41c9-b418-cb357538cd10,1,1,function,myocamlbuild.ml,var_get:186:7,186,205,0
max,1,halstead_volume,Function Halstead Volume,729d4ded-b025-47be-ae9b-ed0561b8f9e6,bcpierce00__unison (sample analysis: 10 samples),Ocaml,f7904710-38c9-481c-9ddd-3986daedf8af,1,1,function,src/uigtk2.ml,createToplevelWindow:1067:9,1067,2194,37655.4554630363
max,2,halstead_volume,Function Halstead Volume,729d4ded-b025-47be-ae9b-ed0561b8f9e6,bcpierce00__unison (sample analysis: 10 samples),Ocaml,f7904710-38c9-481c-9ddd-3986daedf8af,1,1,function,src/uigtk.ml,createToplevelWindow:1026:9,1026,2087,37583.85980579732
max,3,halstead_volume,Function Halstead Volume,08fc41ef-3162-4883-934f-1f96a9db7b1a,fastpack__fastpack (sample analysis: 10 samples),Ocaml,613c3469-35e9-41d1-8d27-14d43c240ca0,1,1,function,bin/Fastpack_printer.ml,print:74:5,74,614,21332.76474753297
max,4,halstead_volume,Function Halstead Volume,e9d92337-e257-41dd-9d58-bc6f84121654,astrada__google-drive-ocamlfuse (sample analysis: 10 samples),Ocaml,5af22e0c-1c0f-41c9-b418-cb357538cd10,1,1,function,setup.ml,split:127:7,127,166,12030.818096417304
max,5,halstead_volume,Function Halstead Volume,e9d92337-e257-41dd-9d58-bc6f84121654,astrada__google-drive-ocamlfuse (sample analysis: 10 samples),Ocaml,5af22e0c-1c0f-41c9-b418-cb357538cd10,1,1,function,setup.ml,split_aux:131:13,131,164,9852.558274337947
min,1,halstead_difficulty,Function Halstead Difficulty,e9d92337-e257-41dd-9d58-bc6f84121654,astrada__google-drive-ocamlfuse (sample analysis: 10 samples),Ocaml,5af22e0c-1c0f-41c9-b418-cb357538cd10,1,1,function,myocamlbuild.ml,ns_:6:7,6,7,0
min,2,halstead_difficulty,Function Halstead Difficulty,e9d92337-e257-41dd-9d58-bc6f84121654,astrada__google-drive-ocamlfuse (sample analysis: 10 samples),Ocaml,5af22e0c-1c0f-41c9-b418-cb357538cd10,1,1,function,myocamlbuild.ml,s_:9:7,9,10,0
min,3,halstead_difficulty,Function Halstead Difficulty,e9d92337-e257-41dd-9d58-bc6f84121654,astrada__google-drive-ocamlfuse (sample analysis: 10 samples),Ocaml,5af22e0c-1c0f-41c9-b418-cb357538cd10,1,1,function,myocamlbuild.ml,f_:12:7,12,13,0
min,4,halstead_difficulty,Function Halstead Difficulty,e9d92337-e257-41dd-9d58-bc6f84121654,astrada__google-drive-ocamlfuse (sample analysis: 10 samples),Ocaml,5af22e0c-1c0f-41c9-b418-cb357538cd10,1,1,function,myocamlbuild.ml,fn_:15:7,15,19,0
min,5,halstead_difficulty,Function Halstead Difficulty,e9d92337-e257-41dd-9d58-bc6f84121654,astrada__google-drive-ocamlfuse (sample analysis: 10 samples),Ocaml,5af22e0c-1c0f-41c9-b418-cb357538cd10,1,1,function,myocamlbuild.ml,var_get:186:7,186,205,0
max,1,halstead_difficulty,Function Halstead Difficulty,729d4ded-b025-47be-ae9b-ed0561b8f9e6,bcpierce00__unison (sample analysis: 10 samples),Ocaml,f7904710-38c9-481c-9ddd-3986daedf8af,1,1,function,src/uigtk2.ml,createToplevelWindow:1067:9,1067,2194,89.7877358490566
max,2,halstead_difficulty,Function Halstead Difficulty,729d4ded-b025-47be-ae9b-ed0561b8f9e6,bcpierce00__unison (sample analysis: 10 samples),Ocaml,f7904710-38c9-481c-9ddd-3986daedf8af,1,1,function,src/uigtk.ml,createToplevelWindow:1026:9,1026,2087,89.70048309178745
max,3,halstead_difficulty,Function Halstead Difficulty,24cc32f1-80f1-40da-9ad5-e2285210d73d,router-for-me__CLIProxyAPI (sample analysis: 10 samples),Golang,4a8fe070-eeb4-4a72-834f-75cb5f9b12e3,1,1,function,internal/api/handlers.go,prepareRequest:182:23,182,357,59.101694915254235
max,4,halstead_difficulty,Function Halstead Difficulty,729d4ded-b025-47be-ae9b-ed0561b8f9e6,bcpierce00__unison (sample analysis: 10 samples),Ocaml,f7904710-38c9-481c-9ddd-3986daedf8af,1,1,function,src/transfer.ml,rsyncCompress:525:7,525,685,52.89908256880734
max,5,halstead_difficulty,Function Halstead Difficulty,729d4ded-b025-47be-ae9b-ed0561b8f9e6,bcpierce00__unison (sample analysis: 10 samples),Ocaml,f7904710-38c9-481c-9ddd-3986daedf8af,1,1,function,src/ubase/uprintf_old.ml,fprintf:16:5,16,90,49.358490566037744
min,1,halstead_effort,Function Halstead Effort,e9d92337-e257-41dd-9d58-bc6f84121654,astrada__google-drive-ocamlfuse (sample analysis: 10 samples),Ocaml,5af22e0c-1c0f-41c9-b418-cb357538cd10,1,1,function,myocamlbuild.ml,ns_:6:7,6,7,0
min,2,halstead_effort,Function Halstead Effort,e9d92337-e257-41dd-9d58-bc6f84121654,astrada__google-drive-ocamlfuse (sample analysis: 10 samples),Ocaml,5af22e0c-1c0f-41c9-b418-cb357538cd10,1,1,function,myocamlbuild.ml,s_:9:7,9,10,0
min,3,halstead_effort,Function Halstead Effort,e9d92337-e257-41dd-9d58-bc6f84121654,astrada__google-drive-ocamlfuse (sample analysis: 10 samples),Ocaml,5af22e0c-1c0f-41c9-b418-cb357538cd10,1,1,function,myocamlbuild.ml,f_:12:7,12,13,0
min,4,halstead_effort,Function Halstead Effort,e9d92337-e257-41dd-9d58-bc6f84121654,astrada__google-drive-ocamlfuse (sample analysis: 10 samples),Ocaml,5af22e0c-1c0f-41c9-b418-cb357538cd10,1,1,function,myocamlbuild.ml,fn_:15:7,15,19,0
min,5,halstead_effort,Function Halstead Effort,e9d92337-e257-41dd-9d58-bc6f84121654,astrada__google-drive-ocamlfuse (sample analysis: 10 samples),Ocaml,5af22e0c-1c0f-41c9-b418-cb357538cd10,1,1,function,myocamlbuild.ml,var_get:186:7,186,205,0
max,1,halstead_effort,Function Halstead Effort,729d4ded-b025-47be-ae9b-ed0561b8f9e6,bcpierce00__unison (sample analysis: 10 samples),Ocaml,f7904710-38c9-481c-9ddd-3986daedf8af,1,1,function,src/uigtk2.ml,createToplevelWindow:1067:9,1067,2194,3380998.0883910186
max,2,halstead_effort,Function Halstead Effort,729d4ded-b025-47be-ae9b-ed0561b8f9e6,bcpierce00__unison (sample analysis: 10 samples),Ocaml,f7904710-38c9-481c-9ddd-3986daedf8af,1,1,function,src/uigtk.ml,createToplevelWindow:1026:9,1026,2087,3371290.3810340324
max,3,halstead_effort,Function Halstead Effort,08fc41ef-3162-4883-934f-1f96a9db7b1a,fastpack__fastpack (sample analysis: 10 samples),Ocaml,613c3469-35e9-41d1-8d27-14d43c240ca0,1,1,function,bin/Fastpack_printer.ml,print:74:5,74,614,897576.0767524497
max,4,halstead_effort,Function Halstead Effort,e9d92337-e257-41dd-9d58-bc6f84121654,astrada__google-drive-ocamlfuse (sample analysis: 10 samples),Ocaml,5af22e0c-1c0f-41c9-b418-cb357538cd10,1,1,function,setup.ml,split:127:7,127,166,550958.2939292985
max,5,halstead_effort,Function Halstead Effort,e9d92337-e257-41dd-9d58-bc6f84121654,astrada__google-drive-ocamlfuse (sample analysis: 10 samples),Ocaml,5af22e0c-1c0f-41c9-b418-cb357538cd10,1,1,function,setup.ml,split_aux:131:13,131,164,398644.9435112189
min,1,halstead_time_seconds,Function Halstead Time Seconds,e9d92337-e257-41dd-9d58-bc6f84121654,astrada__google-drive-ocamlfuse (sample analysis: 10 samples),Ocaml,5af22e0c-1c0f-41c9-b418-cb357538cd10,1,1,function,myocamlbuild.ml,ns_:6:7,6,7,0
min,2,halstead_time_seconds,Function Halstead Time Seconds,e9d92337-e257-41dd-9d58-bc6f84121654,astrada__google-drive-ocamlfuse (sample analysis: 10 samples),Ocaml,5af22e0c-1c0f-41c9-b418-cb357538cd10,1,1,function,myocamlbuild.ml,s_:9:7,9,10,0
min,3,halstead_time_seconds,Function Halstead Time Seconds,e9d92337-e257-41dd-9d58-bc6f84121654,astrada__google-drive-ocamlfuse (sample analysis: 10 samples),Ocaml,5af22e0c-1c0f-41c9-b418-cb357538cd10,1,1,function,myocamlbuild.ml,f_:12:7,12,13,0
min,4,halstead_time_seconds,Function Halstead Time Seconds,e9d92337-e257-41dd-9d58-bc6f84121654,astrada__google-drive-ocamlfuse (sample analysis: 10 samples),Ocaml,5af22e0c-1c0f-41c9-b418-cb357538cd10,1,1,function,myocamlbuild.ml,fn_:15:7,15,19,0
min,5,halstead_time_seconds,Function Halstead Time Seconds,e9d92337-e257-41dd-9d58-bc6f84121654,astrada__google-drive-ocamlfuse (sample analysis: 10 samples),Ocaml,5af22e0c-1c0f-41c9-b418-cb357538cd10,1,1,function,myocamlbuild.ml,var_get:186:7,186,205,0
max,1,halstead_time_seconds,Function Halstead Time Seconds,729d4ded-b025-47be-ae9b-ed0561b8f9e6,bcpierce00__unison (sample analysis: 10 samples),Ocaml,f7904710-38c9-481c-9ddd-3986daedf8af,1,1,function,src/uigtk2.ml,createToplevelWindow:1067:9,1067,2194,187833.22713283438
max,2,halstead_time_seconds,Function Halstead Time Seconds,729d4ded-b025-47be-ae9b-ed0561b8f9e6,bcpierce00__unison (sample analysis: 10 samples),Ocaml,f7904710-38c9-481c-9ddd-3986daedf8af,1,1,function,src/uigtk.ml,createToplevelWindow:1026:9,1026,2087,187293.91005744625
max,3,halstead_time_seconds,Function Halstead Time Seconds,08fc41ef-3162-4883-934f-1f96a9db7b1a,fastpack__fastpack (sample analysis: 10 samples),Ocaml,613c3469-35e9-41d1-8d27-14d43c240ca0,1,1,function,bin/Fastpack_printer.ml,print:74:5,74,614,49865.33759735832
max,4,halstead_time_seconds,Function Halstead Time Seconds,e9d92337-e257-41dd-9d58-bc6f84121654,astrada__google-drive-ocamlfuse (sample analysis: 10 samples),Ocaml,5af22e0c-1c0f-41c9-b418-cb357538cd10,1,1,function,setup.ml,split:127:7,127,166,30608.79410718325
max,5,halstead_time_seconds,Function Halstead Time Seconds,e9d92337-e257-41dd-9d58-bc6f84121654,astrada__google-drive-ocamlfuse (sample analysis: 10 samples),Ocaml,5af22e0c-1c0f-41c9-b418-cb357538cd10,1,1,function,setup.ml,split_aux:131:13,131,164,22146.941306178825
min,1,halstead_bugs,Function Halstead Bugs,e9d92337-e257-41dd-9d58-bc6f84121654,astrada__google-drive-ocamlfuse (sample analysis: 10 samples),Ocaml,5af22e0c-1c0f-41c9-b418-cb357538cd10,1,1,function,myocamlbuild.ml,ns_:6:7,6,7,0
min,2,halstead_bugs,Function Halstead Bugs,e9d92337-e257-41dd-9d58-bc6f84121654,astrada__google-drive-ocamlfuse (sample analysis: 10 samples),Ocaml,5af22e0c-1c0f-41c9-b418-cb357538cd10,1,1,function,myocamlbuild.ml,s_:9:7,9,10,0
min,3,halstead_bugs,Function Halstead Bugs,e9d92337-e257-41dd-9d58-bc6f84121654,astrada__google-drive-ocamlfuse (sample analysis: 10 samples),Ocaml,5af22e0c-1c0f-41c9-b418-cb357538cd10,1,1,function,myocamlbuild.ml,f_:12:7,12,13,0
min,4,halstead_bugs,Function Halstead Bugs,e9d92337-e257-41dd-9d58-bc6f84121654,astrada__google-drive-ocamlfuse (sample analysis: 10 samples),Ocaml,5af22e0c-1c0f-41c9-b418-cb357538cd10,1,1,function,myocamlbuild.ml,fn_:15:7,15,19,0
min,5,halstead_bugs,Function Halstead Bugs,e9d92337-e257-41dd-9d58-bc6f84121654,astrada__google-drive-ocamlfuse (sample analysis: 10 samples),Ocaml,5af22e0c-1c0f-41c9-b418-cb357538cd10,1,1,function,myocamlbuild.ml,var_get:186:7,186,205,0
max,1,halstead_bugs,Function Halstead Bugs,729d4ded-b025-47be-ae9b-ed0561b8f9e6,bcpierce00__unison (sample analysis: 10 samples),Ocaml,f7904710-38c9-481c-9ddd-3986daedf8af,1,1,function,src/uigtk2.ml,createToplevelWindow:1067:9,1067,2194,12.551818487678766
max,2,halstead_bugs,Function Halstead Bugs,729d4ded-b025-47be-ae9b-ed0561b8f9e6,bcpierce00__unison (sample analysis: 10 samples),Ocaml,f7904710-38c9-481c-9ddd-3986daedf8af,1,1,function,src/uigtk.ml,createToplevelWindow:1026:9,1026,2087,12.527953268599108
max,3,halstead_bugs,Function Halstead Bugs,08fc41ef-3162-4883-934f-1f96a9db7b1a,fastpack__fastpack (sample analysis: 10 samples),Ocaml,613c3469-35e9-41d1-8d27-14d43c240ca0,1,1,function,bin/Fastpack_printer.ml,print:74:5,74,614,7.11092158251099
max,4,halstead_bugs,Function Halstead Bugs,e9d92337-e257-41dd-9d58-bc6f84121654,astrada__google-drive-ocamlfuse (sample analysis: 10 samples),Ocaml,5af22e0c-1c0f-41c9-b418-cb357538cd10,1,1,function,setup.ml,split:127:7,127,166,4.010272698805768
max,5,halstead_bugs,Function Halstead Bugs,e9d92337-e257-41dd-9d58-bc6f84121654,astrada__google-drive-ocamlfuse (sample analysis: 10 samples),Ocaml,5af22e0c-1c0f-41c9-b418-cb357538cd10,1,1,function,setup.ml,split_aux:131:13,131,164,3.2841860914459824
